Field_Note,Outfall_Vi,Monitor,Adj_Basin_,Runoff_Fac,Graffiti,DWM_cfs_ac,percent_ac,DWM_cfs,Location,ATLAS,Receiving,percent_ro,Insp_Date,Pipe_Size,Saturation,Elevation,Users,MWRD_cfs_a,Outfall_Ph,TG,Basin_Ac,Structural,STATUS,Shaft,Easting,MWRD,Comment,Bank_Erosi,users_acre,Bag,Connection,River_Bank,FID,on_CAWS,GPS,Control,MWRD_cfs,311_Street,NAME,Obstructio,Outfall_St,rock_acres,Pipe_Mater,Weather,Outfall_Si,CDM_cfs_ac,Owner,sand_acres,311_Add,Northing
001.pdf,001.mpg,NO,269.956,0.802041677313,YES,1.13722236216,0.495894065707,307,Touhy Ave.,41-1-31,North Shore Channel,0,1067731968,6,Invert wet,-2.82,0,1.30021188638,001.jpg,0,336.586,POOR,Active,DS-98,1153576.271,MS-97, ,NO,0, ,Direct,E,1230,1,YES, ,351,N KEDZIE AVE,001,NO,Headwall,0,Brick,SUNNY,6,0.335586359327,DWM,166.911,7156,1947500.82
002.pdf,002.mpg,MWRD,769.754163335,0.586664860383,YES,0.937342849604,0.427393042371,721.523560955,Pratt Ave.,41-1-32,North Shore Channel,0,1067731968,13 X 13,Invert wet,-6.57,1,0,002.jpg,2,1312.085,FAIR,Active,DS-M97,1153606.216,MS-97, ,NO,0.000762145745131, ,Direct,E,1231,1,YES, ,0,N KEDZIE AVE,002,NO,Battery,0,Cement,SUNNY,24x8.4,0.937342849604,DWM,560.776,6746,1944762.929
003.pdf,003.mpg,NO,28.9311931294,1.04312937189,NO,1.04194931405,0,30.1448368358,North Shore Ave,41-1-32,North Shore Channel,0,1067731968,3.5,Invert wet,-2.37,0,0,003.jpg,0,27.735,POOR,Active,DS-97,1153542.97,MS-97, ,NO,0, ,Direct,E,1232,1,YES, ,0,N KEDZIE AVE,003,NO,Headwall,0,Brick,SUNNY,3.8,1.04194931405,DWM,0,6716,1944413.988
004.pdf,004.mpg,NO,475.8142,0.73407612997,NO,0.447263348507,0,212.814252359,Devon Ave.,40-3-33,North Shore Channel,0,1154131968,7.5,Invert wet,-5.07,0,0.550635100844,004.jpg,0,648.181,FAIR,Active,I-95,1153475.85,MS-100, ,NO,0, ,Interceptor,W,1233,1,YES, ,262,W DEVON AVE,004,NO,Headwall,0,Cement,SUNNY,14,0.447263348507,DWM,0,3235,1942164.22
005.pdf,005.mpg,NO,259.002212693,0.887306867467,NO,0.684282648889,0,177.23072017,Devon Ave.,40-3-33,North Shore Channel,0,1154131968,6,Dry,-1.12,0,0.501926213866,005.jpg,0,291.897,FAIR,Active,DS-96,1153569.56,MS-97, ,NO,0, ,Direct,E,1234,1,YES, ,130,W DEVON AVE,005,NO,Headwall,0,Brick,SUNNY,6,0.684282648889,DWM,0,3225,1942219.529
006.pdf,006.mpg,NO,225.723404411,0.877205530878,YES,0.294719509324,0.0262007376001,66.5250909911,Peterson Ave.,40-3-29,North Shore Channel,0,1154131968,5,Dry,-0.97,0,0.327834856971,006.jpg,0,257.321,EXCELLENT,Active,DS-95,1154013.806,MS-94, ,NO,0, ,Direct,E,1235,1,YES, ,0,W PETERSON AVE,006,NO,Bridge,0,Cement,SUNNY,5,0.294719509324,DWM,6.742,3153,1939663.595
007.pdf,007.mpg,NO,405.46955,0.713563386082,NO,0.343909814673,0,139.444957796,Peterson Ave.,40-3-29,North Shore Channel,0,1154131968,5.5,Invert wet,-2.77,1,0.389671678182,007.jpg,0,568.232,FAIR,Active,I-94,1153914.7,MS-90, ,NO,0.00175984457053, ,Interceptor,W,1236,1,YES, ,158,W PETERSON AVE,007,NO,Bridge,0,Brick,SUNNY,6,0.343909814673,DWM,0,3208,1939714.905
008.pdf,008.mpg,NO,67.933,1.06848173139,NO,0.888925956725,0,60.3874070182,Thorndale Ave.,40-3-30,North Shore Channel,0,1240531968,4.5,Invert wet,-4.57,0,0.912663948302,008.jpg,0,63.579,EXCELLENT,Active,I-93,1154049.259,MS-90, ,NO,0, ,Interceptor,W,1237,1,YES, ,62,W THORNDALE AVE,008,NO,Headwall,0,Cement,CLOUDY,12x6.3,0.888925956725,DWM,0,3216,1939018.906
009.pdf,009.mpg,MWRD,42.7225014258,1.15142576072,NO,0.514043044548,0,21.9612047036,Ardmore Ave.,40-3-30,North Shore Channel,0,1240531968,2.75,Dry,-0.17,0,0.468137382703,009.jpg,1,37.104,FAIR,Active,I-92,1154186.257,MS-90, ,NO,0, ,Interceptor,W,1238,1,YES, ,20,W ARDMORE AVE,009,NO,Headwall,0,Cement,CLOUDY,2.2,0.514043044548,DWM,0,3201,1938365.22
010.pdf,010.mpg,MWRD,100.274125,1.13760423166,NO,1.20070855767,0.0929150831017,120.4,Ardmore Ave.,40-3-30,North Shore Channel,0,1845331968,7 X 5.5,Invert wet,-4.12,0,1.41611806635,010.jpg,1,88.145,FAIR,Active,DS-94,1154370.035,MS-94, ,YES,0, ,Direct,E,1239,1,YES, ,142,W ARDMORE AVE,010,NO,Brick Haedwall,0,Brick,SUNNY,12,0.97054488634,DWM,8.19,3065,1938295.789
011.pdf,011.mpg,NO,180.6091,0.985620811595,NO,0.325680488794,0.0794186985658,58.8208599686,Bryn Mawr Ave.,40-3-30,North Shore Channel,0,1845331968,4.75,Dry,-0.62,0,0.382040550559,011.jpg,0,183.244,EXCELLENT,Active,DS-93,1154624.942,MS-94, ,NO,0, ,Direct,E,1240,1,YES, ,69,W BRYN MAWR AVE,011,NO,Bridge,0,Cement,SUNNY,5,0.325680488794,DWM,14.553,3065,1937021.56
012.pdf,012.mpg,NO,68,0.824351370037,NO,0.250139783997,0,68,Bryn Mawr Ave.,40-3-30,North Shore Channel,0,1240531968,5.5,Dry,-1.97,1,0.250139783997,012.jpg,0,329.772,EXCELLENT,Active,I-91,1154515.293,MS-90, ,NO,0.00303239814175,Net,Interceptor,W,1241,1,YES, ,68,W BRYN MAWR AVE,012,NO,Bridge,0,Cement,CLOUDY,6,0.264707228807,DWM,0,3107,1937023.602
013.pdf,N/A,NO,39.3582003841,1.19629788402,NO,0.746391499195,0.00249240121581,29.3766261903,Balmoral Ave.,40-3-31,North Shore Channel,0,1240531968,3,Invert wet,-2.18,0,0.863860635603,013.jpg,0,32.9,POOR,Active,DS-92,1154911.67,MS-94, ,NO,0, ,Direct,E,1242,1,YES, ,34,W BALMORAL AVE,013,NO,Open pipe,0,Cement+Brick,SUNNY,3,0.746391499195,DWM,0.082,3012,1935718.18
014.pdf,014.mpg,NO,24,1.17264713177,NO,1,0,25.5210769649,Foster Ave.,40-3-31,North Shore Channel,0,1499731968,3.5,Invert wet,-3.68,0,0.298580732711,014.jpg,0,68.546,FAIR,Active,I-89,1155157.316,MS-90, ,NO,0, ,Interceptor,W,1243,1,YES, ,24,W FOSTER AVE,014,NO,Bridge,0,Cement,SUNNY,6x3,0.317504244157,DWM,0,3038,1934364.033
015.pdf,N/A,NO,0.6437,0.626777020448,NO,1.75822588774,0.014605647517,2.88911677873,Foster Ave.,40-3-31,North Shore Channel,0,1586131968,1.25,Dry,-2.15,0,1.82570593963,015.jpg,0,1.027,EXCELLENT,Active,DS-92,1155216.628,MS-94, ,NO,0, ,Direct,E,1244,1,YES, ,3,W FOSTER AVE,015,NO,Bridge,0,Cement,SUNNY,1.5,1.75822588774,DWM,0.015,3022,1934375.872
038.pdf,038.mpg,NO,166.940824907,1.09901793882,YES,0.633877602044,0,105.820049776,Berwyn Ave.,40-3-31,North Shore Channel,0,1586131968,6,Dry,4.75,0,0,038.jpg,0,151.9,FAIR,Active,I-116,1154912.184,MS-90, ,NO,0, ,Interceptor,W,1245,1,YES, ,0,W BERWYN AVE,038,NO,Headwall,0,Cement,SUNNY,3,0.633877602044,DWM,0,2965,1935280.834
039.pdf,N/A,NO,151.945139348,1.06628167964,N/A,2.58216685591,0.633571929825,392.347702742,Birchwood Ave.,41-1-30,North Shore Channel,0,1067731968,7, ,0,0,0,039.jpg,0,142.5,N/A,Active,DS-99,1153587.27,MS-97,Could Not Locate Outfall,N/A,0, ,Direct,E,1246,1,NO, ,0,N KEDZIE AVE,039,NO, ,0,N/A,SUNNY,N/A,2.58216685591,DWM,90.284,7516,1949429.34
040.pdf,040.mpg,NO,240.444219278,0.855722102603,YES,0.42,0,101,Argyle St.,40-3-32,North Branch Chicago River,0,1586131968,6,Dry,-1.75,0,0.424214815005,040.jpg,0,280.984,FAIR,Active,I-88,1155446.186,MS-90, ,YES,0,Net,Interceptor,W,1247,1,YES, ,102,W ARGYLE ST,040,NO,Headwall,0,Brick,SUNNY,6,0.374241491187,DWM,0,3007,1933032.671
041.pdf,041.mpg,NO,412.066472795,0.787287873128,NO,0.26,0,108,Lawrence Ave.,40-3-32,North Branch Chicago River,0,1672531968,5,Dry,-0.75,0,0.262093635688,041.jpg,0,523.4,FAIR,Active,I-87,1156120.952,MS-90, ,YES,0, ,Direct,W,1248,1,YES, ,108,W LAWRENCE AVE,041,NO,Bridge,0,Cement,SUNNY,6x4,0.165260126059,DWM,0,2903,1931739.034
042.pdf,042.mpg,MWRD,418.72,0.8,NO,2.28959686664,0,958.7,Lawrence Ave., ,North Branch Chicago River,0,1586131968,15.5 X 19.42,Invert wet,-10.25,0,0,042.jpg,3,523.4,EXCELLENT,Active,Lawrence Ave Gate,1156037.983,MS-90, ,YES,0, ,Direct,W,1249,1,YES, ,0,W LAWRENCE AVE,042,NO,Battery,0,Cement,SUNNY,4 (10.5x14.5) 2( 9x14.5),2.28959686664,DWM,0,2851,1931847.514
043.pdf,043.mpg,NO,5.01335,1.25239820135,NO,0.531246924655,0,2.66332676972,Giddings St.,40-2-29,North Branch Chicago River,0,1672531968,1,Dry,1.75,0,0,043.jpg,0,4.003,POOR,Active,I-86,1156398.799,MS-90, ,YES,0, ,Interceptor,W,1250,1,YES, ,0,W GIDDINGS ST,043,NO,Open pipe,0,Metal,CLOUDY,1,0.531246924655,DWM,0,2844,1931422.006
044.pdf,N/A,NO,8.875,1.25,YES,0.552816901408,0,4.90625,Leland Ave.,40-2-29,North Branch Chicago River,0,1672531968,1.25,Dry,6.72,0,0,044.jpg,0,7.1,N/A,Active,I-85,1156785.074,MS-90,Could Not Locate Outfall - fenced in (CTA property),N/A,0, ,Interceptor,W,1251,1,NO, ,0,W LELAND AVE,044,YES,Headwall,0,N/A,SUNNY,1.25,0.552816901408,DWM,0,2800,1930901.521
045.pdf,045.mpg,NO,41.2282997914,1.23069551616,YES,0.254128773439,0.529492537313,10.477297257,Leland Ave.,40-2-25,North Branch Chicago River,0,1758931968,1.5,Dry,-0.02,0,0.0727655521856,045.jpg,0,33.5,FAIR,Active,I-84,1156896.228,NBPS, ,YES,0, ,Interceptor,E,1252,1,YES,H&H,3,N VIRGINIA AVE,045,NO,Headwall,0,Metal,CLOUDY,2,0.254128773439,DWM,17.738,4702,1930985.308
046.pdf,046.mpg,NO,20.6194557097,1.25728388474,NO,1.20635410943,0,24.8743651296,Wilson Ave.,40-2-25,North Branch Chicago River,0,1758931968,2.5,Dry,-0.92,0,0,046.jpg,0,16.4,FAIR,Active,I-82,1157357,NBPS, ,NO,0, ,Interceptor,E,1253,1,YES, ,0,W WILSON AVE,046,NO,Headwall,0,Cement,CLOUDY,2,1.20635410943,DWM,0,2718,1930397.105
047.pdf,047.mpg,NO,69.3839386457,1.13744161714,NO,0.6,0,41.6,Wilson Ave.,40-2-25,North Branch Chicago River,0,1758931968,3.5,Dry,-0.82,0,0.792690658293,047.jpg,0,61,FAIR,Active,I-83,1157164.9001,MS-90, ,NO,0, ,Interceptor,W,1254,1,YES, ,55,W WILSON AVE,047,NO,Headwall,0,Cement,CLOUDY,3.8,0.489585680437,DWM,0,2736,1930404.5202
048.pdf,048.mpg,NO,15.1940323824,1.24541249036,NO,0.324649773234,0,4.93273916746,Sunnyside Ave.,40-2-25,North Branch Chicago River,0,1758931968,1.5,Dry,1.08,0,0.329076565993,048.jpg,0,12.2,POOR,Active,I-81,1157767.108,NBPS, ,NO,0, ,Interceptor,E,1255,1,YES, ,5,W SUNNYSIDE AVE,048,YES,Open pipe,0,Metal,CLOUDY,2,0.324649773234,DWM,0,2638,1929784.178
049.pdf,049.mpg,NO,136.060876424,1.09857633646,YES,0.7,0,95.3,Sunnyside Ave.,40-2-25,North Branch Chicago River,0,-2104035328,6,Dry,-0.52,0,0.565923151636,049.jpg,0,123.852,FAIR,Active,I-80,1157631.365,MS-90, ,NO,0,Net,Interceptor,W,1256,1,YES, ,77,W SUNNYSIDE AVE,049,NO,Headwall,0,Brick,SUNNY,6,0.854925115004,DWM,0,2700,1929788.41
050.pdf,050.mpg,NO,4.86875,1.25,NO,0.3,0,1.5,Agatite Ave,40-2-25,North Branch Chicago River,0,-2104035328,1,Dry,2.58,0,0.410783055199,050.jpg,0,3.895,FAIR,Active,I-79A,1157893.082,NBPS, ,NO,0, ,Interceptor,E,1257,1,YES, ,2,W AGATITE AVE,050,NO,Open pipe,0,Clay,SUNNY,1,0.200989728496,DWM,0,2628,1929454.487
051.pdf,051.mpg,NO,377.719034992,0.802803475009,YES,0.246366954584,0.48221466525,93.0574883393,Montrose Ave.,40-2-25,North Branch Chicago River,0,-2104035328,6,Dry,-4.92,0,0.238272344421,051.jpg,0,470.5,FAIR,Active,DS-89,1157979.489,NBPS, ,YES,0, ,Direct,E,1258,1,YES, ,90,W MONTROSE AVE,051,NO,Headwall,0,Cement,CLOUDY,6,0.246366954584,DWM,226.882,2618,1929140.186
052.pdf,052.mpg,NO,111.870554283,0.954282643373,NO,0.986431209626,0,110.352606183,Montrose Ave.,40-2-25,North Branch Chicago River,0,-2104035328,6,Dry,-1.92,0,1.02797381078,052.jpg,0,117.23,POOR,Active,I-78,1157855.801,MS-88, ,NO,0, ,Interceptor,W,1259,1,YES, ,115,W MONTROSE AVE,052,NO,Headwall,0,Brick,SUNNY,10,0.986431209626,DWM,0,2632,1929125.553
057.pdf,057.mpg,MWRD,961.6668,0.4,NO,0.7,0.049654204554,673.2,Berteau Ave.,40-2-26,North Branch Chicago River,0,-2104035328,14.5 X 10.5,Invert wet,-5.41,1,0.795493823848,057.jpg,1,2404.167,FAIR,Active,DS-88,1157993.047,MS-88, ,NO,0.000415944483058, ,Direct,W,1260,1,YES, ,765,W BERTEAU AVE,057,NO,Headwall,0,Cement,SUNNY,16x10.8,0.68895093178,DWM,119.377,2613,1927740.577
058.pdf,N/A,NO,184.6928,1.04899753502,NO,0.266144417258,0.13033180739,49.1549576277,Irving Park Rd.,40-2-26,North Branch Chicago River,0,-1844835328,6,Dry,-0.91,1,0.314034981331,058.jpg,0,176.066,FAIR,Active,DS-87,1158094.328,MS-85, ,NO,0.00567968829871, ,Direct,E,1261,1,YES, ,58,W IRVING PARK RD,058,YES,Headwall,0,Cement,SUNNY,7.5x9,0.266144417258,DWM,22.947,2621,1926473.105
059.pdf,059.mpg,NO,136.276225,0.921407876944,NO,0.845778770854,0,115.259538077,Irving Park Rd.,40-2-26,North Branch Chicago River,0,-1844835328,6,Dry,-2.61,0,0.829198196531,059.jpg,0,147.9,POOR,Active,I-77,1157936.6459,MS-88, ,NO,0, ,Interceptor,W,1262,1,YES, ,113,W IRVING PARK RD,059,NO,Headwall,0,Brick,SUNNY,10,0.845778770854,DWM,0,2638,1926470.5413
060.pdf,060.mpg,MWRD,18.8149072883,0.857288344117,NO,0.208674348758,0,3.92618852534,Grace St.,40-2-27,North Branch Chicago River,0,-1844835328,1.5,Dry,5.09,0,0.265746725369,060.jpg,2,21.947,FAIR,Active,DS-86,1157405.794,MS-86, ,NO,0, ,Direct,W,1263,1,YES, ,5,N CALIFORNIA AVE,060,NO,Open pipe,0,Clay,CLOUDY,2,0.208674348758,DWM,0,3751,1924357.082
061.pdf,061.mpg,MWRD,756.781083304,0.695506923356,NO,0.620162894004,0.715494899366,469.327546749,Addison St.,40-2-27,North Branch Chicago River,0,-1844835328,12 X 9.6,Invert wet,-6.91,2,0.514019190731,061.jpg,1,1088.1,EXCELLENT,Active,DS-85,1157694.93,MS-85, ,YES,0.0018380663542, ,Direct,E,1264,1,YES, ,389,W ADDISON ST,061,NO,Battery,0,Cement,SUNNY,12x10,0.620162894004,DWM,778.53,2705,1923734.82
062.pdf,062.mpg,NO,130.897114723,1.11212501888,NO,0.53013254026,0,69.3928199406,Addison St.,40-2-27,North Branch Chicago River,0,-1844835328,5.5,Invert wet,-1.51,0,0.809796306242,062.jpg,0,117.7,FAIR,Active,I-76,1157502.678,MS-86, ,NO,0, ,Interceptor,W,1265,1,YES, ,106,W ADDISON ST,062,NO,Bridge,0,Brick,CLOUDY,5,0.53013254026,DWM,0,2722,1923808.036
063.pdf,063.mpg,MWRD,5631,0.25,NO,0.25,0.00208320014207,1408,Roscoe St.,40-2-28,North Branch Chicago River,0,-1585635328,4(8 X 8,Invert wet,-6.21,4,0.245071923282,063.jpg,1,22524,EXCELLENT,Active,DS-84,1157750.498,MS-84, ,NO,0.000177588350204, ,Direct,W,1266,1,YES, ,1380,W ROSCOE ST,063,NO,Battery,0,Cement,SUNNY,8(8x8),0.130030391558,DWM,46.922,2701,1922384.889
064.pdf,N/A,MWRD,562.148805036,0.780036362047,NO,0.32356658625,0.0268472393745,181.89256981,Belmont Ave,40-2-28,North Branch Chicago River,0,-1585635328,7,Invert wet,-3.21,5,0.352219907302,064.jpg,1,720.67,FAIR,Active,DS-82,1158540.83,MS-82, ,NO,0.00693798826092, ,Direct,W,1267,1,YES, ,198,W BELMONT AVE,064,NO,Headwall,0,Cement,SUNNY,16x9,0.32356658625,DWM,19.348,2555,1921105.53
065.pdf,065.mpg,MWRD,230.953645925,0.943823644974,YES,0.388581281438,0.363485901103,89.7442636863,Western Ave.,40-1-29,North Branch Chicago River,0,-1585635328,6,Dry,-3.71,1,0.445976938738,065.jpg,1,244.7,POOR,Active,DS-81,1159844.303,MS-81, ,NO,0.004086636698, ,Direct,N,1268,1,YES, ,103,N WESTERN AVE,065,YES,Open pipe,0,Cement,CLOUDY,6,0.388581281438,DWM,88.945,3023,1920043.919
066.pdf,N/A,NO,15.96715,1.38736206447,N/A,0.786615018961,0,12.56,Oakley Ave.,40-1-25,North Branch Chicago River,0,-1585635328,2,Invert wet,3.59,1,0.688914427434,066.jpg,0,11.509,FAIR,Active,DS-80,1160532.37,MS-80,"NO GPS, not accessible",N/A,0.0868885220262, ,Direct,E,1269,1,NO, ,11,N OAKLEY AVE,066,YES,Open pipe,0,Metal,SUNNY,2,0.786615018961,DWM,0,2925,1919218.7
067.pdf,067.mpg,MWRD,445.89485247,0.775199673974,NO,0.779738588106,0.940757997218,347.681422708,Leavitt St.,40-1-26,North Branch Chicago River,0,-1499235328,12 X 12,Invert wet,-7.38,2,1.73583524392,067.jpg,1,575.2,FAIR,Active,DS-80,1161150.871,MS-80, ,YES,0.00347705146036, ,Direct,E,1270,1,YES, ,774,N LEAVITT ST,067,NO,Battery,0,Cement,CLOUDY,2(12x7),0.779738588106,DWM,541.124,2882,1919147.866
068.pdf,N/A,MWRD,223.173889873,0.989873412107,NO,0.805922551918,0,179.860870848,Diversey Ave.,40-1-25,North Branch Chicago River,0,-1499235328,7.5,Dry,-0.98,2,1.00370164327,068.jpg,1,225.457,FAIR,Active,DS-79,1161161.98,MS-79,"NO GPS, not accessible",YES,0.0088708711639, ,Direct,W,1271,1,NO, ,224,W DIVERSEY PKWY,068,NO,Bridge,0,N/A,SUNNY,6,0.805922551918,DWM,0,2202,1918564.18
069.pdf,N/A,NO,270.682589975,1.05282998824,NO,0.350909158985,0.331415791521,94.985,Diversey Ave.,40-1-25,North Branch Chicago River,0,-1412835328,5.5,Dry,-4.38,0,0.254911111964,069.jpg,0,257.1,FAIR,Active,DS-78,1161741.6,MS-80, ,YES,0,Net,Direct,E,1272,1,YES, ,69,W DIVERSEY PKWY,069,NO,Battery,0,N/A,SUNNY,N/A,0.350909158985,DWM,85.207,2115,1918437.93
070.pdf,070.mpg,MWRD,1009.38,0.3,NO,0.636861151094,0.0286467930809,642.834908691,Logan Blvd.,40-1-25,North Branch Chicago River,0.0157519467396,-1499235328,2(14 X 8,Invert wet,-6.48,6,0.911450593434,070.jpg,2,3364.6,FAIR,Active,DS-79,1161233.307,MS-79, ,NO,0.0017832729002, ,Direct,W,1273,1,YES, ,920,W DIVERSEY PKWY,070,NO,Battery,52.999,Cement,CLOUDY,8(8.5x8.5),0.636861151094,DWM,96.385,2201,1918381.345
072.pdf,072.mpg,NO,12.4155,1.59602776707,NO,0.25,0,3.1,Damen Ave,40-1-22,North Branch Chicago River,0,-1412835328,1,Dry,0.12,0,0.322177922758,072.jpg,0,7.779,FAIR,Active,DS-77,1162596.84,MS-76, ,NO,0, ,Direct,S,1274,1,YES, ,4,N DAMEN AVE,072,YES,Open pipe,0,Metal,SUNNY,1,0.171413604189,DWM,0,2517,1916971.28
073.pdf,073.mpg,MWRD,274.563966651,1.0333491404,NO,0.211830164466,0,58.1609302121,Fullerton Ave.,40-1-22,North Branch Chicago River,0,-1412835328,6,Dry,-0.58,1,0.265876112188,073.jpg,1,265.703,EXCELLENT,Active,DS-76,1163459.3979,MS-76, ,NO,0.00376360071207, ,Direct,W,1275,1,YES, ,73,W FULLERTON AVE,073,NO,Bridge,0,Brick,SUNNY,6,0.211830164466,DWM,0,1861,1915956.8635
074.pdf,074.mpg,MWRD,0,0,NO,0,0,0,Fullerton Ave.,40-1-22, ,0,401564672, ,Invert wet,-5.18,0,0,074.jpg,2,0,EXCELLENT,Active, ,1163639.0481, , ,NO,0, , ,E,1276,1,YES, ,0, ,074,NO,Battery,0,Concrete,SUNNY,14x10.5,0,DWM,0,0,1915897.4342
075.pdf,075.mpg,NO,174.152552297,1.04033782734,NO,0.0504572001278,0,8.78725018403,Ashland Ave.,40-1-23,North Branch Chicago River,0,-1412835328,2,Dry,0.02,0,0.0459367370416,075.jpg,0,167.4,FAIR,Active,I-75A,1165234.6915,MS-73, ,NO,0, ,Interceptor,E,1277,1,YES, ,8,N ASHLAND AVE,075,NO,Bridge,0,Metal,SUNNY,2,0.0504572001278,DWM,0,2227,1914999.4186
076.pdf,N/A,NO,568.976136386,0.718192926053,NO,0.0537113690257,0.980461556133,30.5604872282,Webster Ave.,40-1-23,North Branch Chicago River,0,-1412835328,4,Invert wet,-3.38,3,0.0615140034208,076.jpg,0,792.233,N/A,Active,I-75,1165445.6371,MS-73, ,N/A,0.00378676475229,Net,Interceptor,E,1278,1,YES, ,35,W WEBSTER AVE,076,NO,Bridge,0,Cement,SUNNY,4x4,0.0537113690257,DWM,776.754,1529,1914681.7852
077.pdf,N/A,MWRD,699.94409871,0.663144863922,NO,0.300047704067,0,210.016619793,McLean Ave,40-1-19,North Branch Chicago River,0,-1326435328,9,Invert wet,-3.88,3,0.357171380487,077.jpg,1,1055.492,N/A,Active,DS-73,1165938.84,MS-73, ,N/A,0.00284227639812, ,Direct,W,1279,1,YES, ,250,N MENDELL ST,077,NO,Battery,0,Cement,SUNNY,10x10.5,0.300047704067,DWM,0,2009,1913670.15
078.pdf,078.mpg,NO,13.182,1.57003334921,NO,1.27077905064,0.125297760838,16.7514094456,McLean Ave,40-1-19,North Branch Chicago River,0,-1240035328,2.25,Invert wet,-3.58,0,0.758610226066,078.jpg,0,8.396,FAIR,Active,I-74,1166118.4339,MS-73, ,NO,0, ,Interceptor,E,1280,1,YES, ,10,N DOMINICK ST,078,NO,Open pipe,0,Metal,SUNNY,2.5,1.27077905064,DWM,1.052,2050,1913612.2
079.pdf,079.mpg,NO,29.8645725375,1.52253747323,NO,0.208056692769,0,6.21352419311,Cortland St.,40-1-20,North Branch Chicago River,0,401564672,2,Dry,-1.08,0,0.267875925228,079.jpg,0,19.615,FAIR,Active,I-73,1166301.6635,MS-66, ,N/A,0, ,Interceptor,W,1281,1,YES, ,8,W CORTLAND ST,079,YES,Bridge,0,Metal,SUNNY,2,0.208056692769,DWM,0,1436,1912991.8658
080.pdf,080.mpg,NO,89.1314515089,1.3534911319,NO,0.50038453593,0.724993546232,44.6,Cortland St.,40-1-20,North Branch Chicago River,0,401564672,4,Dry,-1.88,0,0.190729531632,080.jpg,0,65.853,FAIR,Active,I-72,1166392.8544,MS-73, ,YES,0,Net,Interceptor,E,1282,1,YES, ,17,W CORTLAND ST,080,NO,Bridge,0,Metal,SUNNY,3x4.5,1.33751727216,DWM,47.743,1424,1913085.3176
081.pdf,081.mpg,NO,92.26,1.4,NO,0.472577498374,0.723823975721,43.6,Clifton Ave.,40-1-20,North Branch Chicago River,0,-1326435328,2.5,Invert wet,-1.18,0,0.130067201387,081.jpg,0,65.9,FAIR,Active,DS-72,1167778.1024,MS-73, ,NO,0, ,Direct,E,1283,1,YES, ,12,N CLIFTON AVE,081,NO,Open pipe,0,Metal,SUNNY,2.5,0.472577498374,DWM,47.7,1900,1912443.2462
082.pdf,N/A,MWRD,298.87622349,0.986745144261,NO,0.253725687309,0.010650696125,75.8325752254,North Ave.,39-3-25,North Branch Chicago River,0,-1326435328,6,Invert wet,-3.78,2,0.294436268541,082.jpg,1,302.891,FAIR,Active,DS-71,1168258.35,MS-66, ,NA,0.00660303541538, ,Direct,W,1284,1,YES, ,88,W NORTH AVE,082,NO,Battery,0,Cement,SUNNY,8.6x6,0.253725687309,DWM,3.226,1205,1910736.05
083.pdf,083.mpg,MWRD,164.762211934,1.13693407261,NO,0.234546170401,0.648704784775,38.644345836,North Ave.,39-3-25,North Branch Chicago River,0,-1326435328,4.5,Dry,-1.63,0,0.254912819554,083.jpg,1,144.918,EXCELLENT,Active,DS-70,1168514.03,MS-70, ,NO,0, ,Direct,E,1285,1,YES, ,42,W NORTH AVE,083,NO,Headwall,0,Cement,SUNNY,5,0.234546170401,DWM,94.009,1078,1910744.35
084.pdf,084.mpg,MWRD,811.147999555,0.625210420499,NO,1.17068648449,0.079302451056,949.6,Blackhawk St., ,North Branch Chicago River,0,-1326435328,16.5 X 11,Invert wet,-11.48,1,1.02324113535,084.jpg,2,1297.4,POOR,Active,DS-66,1168011.57,MS-66, ,NO,0.000770772313858, ,Direct,W,1286,1,YES, ,830,W BLACKHAWK Ave,084,NO,Battery,0,Cement,SUNNY,2(11x12),1.86648458585,DWM,102.887,0,1909467.82
085.pdf,085.mpg,NO,51.79685,1.10168559639,NO,0.705756898692,0,36.555984218,Blackhawk St.,39-3-25,North Branch Chicago River,0,-1326435328,3.5,Dry,-0.88,0,0.250980513294,085.jpg,0,47.016,EXCELLENT,Active,DS-69,1168180.11,MS-66, ,NO,0, ,Direct,E,1287,1,YES, ,13,W BLACKHAWK ST,085,NO,Open pipe,0,Cement,SUNNY,3.5,0.705756898692,DWM,0,1153,1909479.82
086.pdf,086.mpg,NO,22.4766885526,1.53644736842,NO,0.905873475206,0,20.3610359703,Eastman St.,39-3-25,North Branch Canal,0,-980835328,3,Dry,-0.62,0,0,086.jpg,0,14.629,FAIR,Active,I-71,1169787.3526,MS-70, ,NO,0, ,Interceptor,E,1288,1,YES, ,0,N KINGSBURY ST,086,NO,Open pipe,0,Metal,SUNNY,3,0.905873475206,DWM,0,1444,1909322.0688
087.pdf,087.mpg,NO,60.1693942995,1.29429948158,NO,0.797520705823,0,47.9863378107,Division St.,39-3-25,North Branch Chicago River,0,-1240035328,5,Invert wet,-2.98,0,0.93070572925,087.jpg,0,46.488,FAIR,Active,I-70,1168175.7272,MS-64, ,NO,0, ,Interceptor,W,1289,1,YES, ,56,W DIVISION ST,087,NO,Headwall,0,Cement,SUNNY,4x6,0.797520705823,DWM,0,1209,1908115.6357
088.pdf,088.mpg,NO,59.92955,1.47001447214,NO,0.471553682616,0,28.26,Division St.,39-3-25,North Branch Chicago River,0,-1240035328,3,Dry,-1.78,0,0.36709770055,088.jpg,0,40.768,FAIR,Active,DS-65,1168383.5949,MS-66, ,YES,0, ,Direct,E,1290,1,YES, ,22,W DIVISION ST,088,NO,Headwall,0,Cement,SUNNY,3,0.471553682616,DWM,0,1129,1908115.2934
089.pdf,N/A,NO,22.1901557607,1.21923932751,N/A,0.221100295686,0,4.90625,Division St.,39-3-25,North Branch Canal,0,-980835328,1.25,N/A,0,0,0.13519508526,089.jpg,0,18.2,N/A,Active,DS-65,1170311.02,MS-66,Could Not Locate Outfall,N/A,0, ,Direct,W,1291,1,NO,monitor?,3,W DIVISION ST,089,NO,N/A,0,N/A,SUNNY,N/A,0.221100295686,DWM,0,845,1908169.52
090.pdf,090.mpg,NO,71.8977598322,1.06516777778,NO,0.424280334505,0.268996577727,30.5048055918,Halsted St., ,North Branch Canal,0,-980835328,3,Dry,-1.22,0,0.305990062157,090.jpg,0,67.499,FAIR,Active,DS-67R,1170845.2415,MS-70, ,NO,0, ,Interceptor,N,1292,1,YES, ,22,N KINGSBURY ST,090,NO,Headwall,0,Cement,SUNNY,2.5x3.5,0.424280334505,DWM,18.157,1136,1907708.6788
091.pdf,091.mpg,NO,21.84,1.2,NO,0.375457875458,0,8.2,Halsted St.,39-3-22,North Branch Canal,0,-980835328,2,Invert wet,-0.22,0,0.320512820513,091.jpg,0,18.2,POOR,Active,DS-63,1170877.7077,MS-66, ,NO,0, ,Direct,W,1293,1,YES, ,7,N HALSTED ST,091,NO,Headwall,0,Cement,SUNNY,3,0.375457875458,DWM,0,0,1907485.061
092.pdf,N/A,MWRD,914.620575757,0.608459550097,NO,0.295505456849,0.000302692835294,270.275371083,Cortez St.,39-3-26,North Branch Chicago River,0.0496702311243,-980835328,11 X 9,Invert wet,-4.38,5,0.293017680887,092.jpg,1,1503.174,FAIR,Active,DS-64(C,1168530.731,MS-64, ,YES,0.00332629489334, ,Direct,W,1294,1,YES, ,268,N ELSTON AVE,092,NO,Headwall,74.663,Cement,CLOUDY,11x9,0.295505456849,DWM,0.455,1051,1907403.3726
093.pdf,093.mpg,NO,32.3440080367,1.53303668768,NO,1.1892465509,0,38.465,Cortez St.,39-3-26,North Branch Chicago River,0,-1240035328,3.5,Invert wet,-3.78,0,1.23670510948,093.jpg,0,21.098,FAIR,Active,DS-64(S,1168682.73,MS-64, ,YES,0, ,Direct,W,1295,1,YES, ,40,N ELSTON AVE,093,NO,Headwall,0,Cement,CLOUDY,3.5,1.1892465509,DWM,0,1033,1907184.48
094.pdf,094.mpg,NO,11.0368,1.42135222151,NO,0.560665421872,0,6.18795212812,Haines St.,39-3-26,North Branch Chicago River,0,-980835328,1.5,Dry,-2.42,0,0.362423890983,094.jpg,0,7.765,FAIR,Active,I-68A,1169943.46,MS-66, ,NO,0, ,Interceptor,E,1296,1,YES, ,4,N RIVER WALK EAST,094,YES,Open pipe,0,Metal,SUNNY,2,0.560665421872,DWM,0,1010,1906858.17
095.pdf,095.mpg,NO,21.8544,1.45783470082,NO,0.284314563342,0,6.21352419311,Halsted St.,39-3-22,North Branch Chicago River,0,-980835328,2,Dry,-0.22,0,0.320301632623,095.jpg,0,14.991,POOR,Active,DS-63,1170910.8887,MS-66, ,NO,0, ,Direct,N,1297,1,YES, ,7,N HALSTED ST,095,YES,Bridge,0,Metal,SUNNY,2,0.284314563342,DWM,0,869,1906237.4503
096.pdf,096.mpg,NO,47.342,1.35433115917,NO,0.947858935543,0,44.8735377265,Chicago Ave.,39-3-22,North Branch Chicago River,0,-894435328,3,Dry,-1.72,0,0.44358075282,096.jpg,0,34.956,FAIR,Active,I-67,1171785.9051,MS-64, ,YES,0, ,Interceptor,W,1298,1,YES, ,21,W CHICAGO AVE,096,NO,Bridge,0,Cement,SUNNY,5x4,0.947858935543,DWM,0,645,1905567.8329
097.pdf,097.mpg,NO,63.5745444903,1.10550966822,NO,0.506705667708,0.0542716538856,32.2135820152,Chicago Ave.,39-3-22,North Branch Chicago River,0,-894435328,4,Dry,-1.58,0,0.330320888153,097.jpg,0,57.507,FAIR,Active,I-66,1171960.0341,MS-70, ,NO,0,Net,Interceptor,E,1299,1,YES, ,21,W CHICAGO AVE,097,NO,Bridge,0,Cement,CLOUDY,5x4,0.506705667708,DWM,3.121,620,1905577.9841
098.pdf,098.mpg,NO,37.8720177591,1.38224087591,NO,0.746197368721,0,28.26,Erie St.,39-3-23,North Branch Chicago River,0,-894435328,3,Invert wet,-3.22,1,0.396070790191,098.jpg,0,27.399,FAIR,Active,I-65(A8B,1171994.31,MS-61A, ,NO,0.0364976823972, ,Interceptor,W,1300,1,YES, ,15,W ERIE ST,098,NO,Headwall,0,Cement,SUNNY,8x5,0.746197368721,DWM,0,630,1904479
099.pdf,099.mpg,NO,135.063297939,1.2307347956,NO,0.261271652581,0,35.2882110556,Erie St.,39-3-23,North Branch Chicago River,0,-894435328,4,Dry,-1.42,0,0.140674782046,099.jpg,0,109.742,FAIR,Active,I-64,1172111.77,MS-61A, ,NO,0, ,Interceptor,E,1301,1,YES, ,19,N LARRABEE ST,099,NO,Headwall,0,Cement,SUNNY,3.5x4.5,0.261271652581,DWM,0,658,1904626.5
100.pdf,100.mpg,NO,35.46405,1.30728583014,NO,1.27055370663,0,45.0589801798,Grand Ave.,39-3-23,North Branch Chicago River,0,-894435328,4,Dry,-1.58,0,0.93051977989,100.jpg,0,27.128,FAIR,Active,I-63,1172646.3447,MS-61A, ,NO,0, ,Interceptor,W,1302,1,YES, ,33,W GRAND AVE,100,NO,Bridge,0,Cement,SUNNY,5,1.27055370663,DWM,0,521,1903735.8498
101.pdf,101.mpg,NO,67.87005,1.13263993191,NO,1.10076635506,0,74.7090675565,Kinzie St.,39-3-23,North Branch Chicago River,0,-894435328,6,Dry,-1.58,0,1.37026567683,101.jpg,0,59.922,FAIR,Active,I-62,1173117.1559,MS-61A, ,NO,0, ,Direct,W,1303,1,YES, ,93,W KINZIE ST,101,NO,Bridge,0,Cement,SUNNY,6,1.10076635506,DWM,0,432,1902935.7191
103.pdf,103.mpg,MWRD,337.415898338,1.00541090089,NO,1.26212663392,0,425.86159,Fulton St.,39-3-24,North Branch Chicago River,0.00499404052443,-894435328,2(7 X 9.5,Invert wet,-10.48,3,0,103.jpg,2,335.6,FAIR,Active,DS-61A,1173259.0579,MS-61A, ,NO,0.00893921334923, ,Direct,W,1304,1,YES, ,780,N CANAL ST,103,NO,Battery,1.676,Cement,SUNNY,2(7x10.7),1.26212663392,DWM,0,231,1902115.207
104.pdf,N/A,NO,16.0355559193,0.569080698392, ,1.76233366291,0,28.26,Lake Shore Dr.,39-3-12,Chicago River,0,,3, ,0,0,0,104.jpg,0,28.178, ,Active,DS-59,1179921.14, ,"Could Not Locate Outfall, (sign only)", ,0, ,Direct,N,1305,1,NO, ,0,N OUTER LAKE SHORE  DR,104, , ,0, , ,N/A,1.76233366291,DWM,0,376,1902930.86
105.pdf,N/A,NO,148.02112,1.04,NO,0.763156816047,0,112.963326647,St. Clair,39-3-15,Chicago River,0,-808035328,5.5,Invert wet,-10.88,1,0,105.jpg,0,142.328,FAIR,Active,DS-57,1177460.69, , ,NO,0.00702602439436, ,Direct,N,1306,1,YES, ,0,E NORTH WATER ST,105,NO,Battery,0,Cement,SUNNY,12x11.5,0.763156816047,DWM,0,225,1902762.14
106.pdf,106.mpg,NO,277.35288,0.84,NO,0.645331375149,0.595777480299,178.984515452,Beaubien Ct.,39-3-16,Chicago River,0,-808035328,9 X 8,Invert wet,-6.18,0,0,106.jpg,0,330.182,FAIR,Active,DS-60,1178065.9847, , ,NO,0, ,Direct,N,1307,1,YES, ,0,N MICHIGAN AVE,106,NO,N/A,0,Cement,SUNNY,5x5,0.645331375149,DWM,196.715,401,1902930.499
109.pdf,109.mpg,NO,38.954125,1.36868433997,NO,0.821503468172,0,32.0009487871,Michigan Ave.,39-3-16,Chicago River,0,-808035328,4,Dry,-2.58,0,0,109.jpg,0,28.461,FAIR,Active,I-59,1177209.6447,MS-55, ,YES,0, ,Interceptor,S,1308,1,YES, ,0,E MICHIGAN AVE,109,NO,Bridge,0,Cement,SUNNY,5x4,0.821503468172,DWM,0,91,1902780.4415
110.pdf,110.mpg,NO,89.71735,1.26014593516,NO,1.49791123215,0,134.388626283,Rush St.,39-3-15,Chicago River,0,-808035328,5,Invert wet,-3.28,0,0,110.jpg,0,71.196,FAIR,Active,I-58,1177048.8172, , ,NO,0, ,Interceptor,N,1309,1,YES, ,0,N RUSH ST,110,NO,Battery,0,Cement,SUNNY,5x4.5,1.49791123215,DWM,0,400,1903027.0961
111.pdf,111.mpg,NO,7.3452,1.30744037024,NO,3.84741055383,0,28.26,Wabash Ave.,39-3-16,Chicago River,0,-808035328,3,Dry,-2.78,0,0,111.jpg,0,5.618,FAIR,Active,I-56,1176623.5558,MS-55, ,NO,0, ,Interceptor,S,1310,1,YES, ,0,N LOWER Wabash Ave,111,NO,Bridge,0,Cement,SUNNY,3,3.84741055383,DWM,0,328,1902397.0947
112.pdf,112.mpg,NO,12.0894,1.39182592678,NO,1.58077966564,0,19.1106776898,State St.,39-3-20,Chicago River,0,-808035328,3,Invert wet,-3.43,0,0,112.jpg,0,8.686,FAIR,Active,I-55,1176397.5888,MS-55, ,NO,0, ,Interceptor,S,1311,1,YES, ,0,N STATE ST,112,NO,Open pipe,0,Cement,SUNNY,3,1.58077966564,DWM,0,321,1902249.4874
113.pdf,113.mpg,NO,9.10432965293,1.37965292513,NO,1.68329729784,0,15.3252935034,Dearborn St.,39-3-20,Chicago River,0,-721635328,2,Dry,-0.68,0,0,113.jpg,0,6.599,FAIR,Active,I-54,1175929.98, ,Unable to receive signal,NO,0, ,Interceptor,N,1312,1,NO, ,0,N DEARBORN ST,113,NO,Bridge,0,Metal,SUNNY,2,1.68329729784,DWM,0,319,1902479.08
114.pdf,114.mpg,MWRD,9.81485,1.37849016854,NO,2.87931043266,0,28.26,Dearborn St.,39-3-20,Chicago River,0,-721635328,3,Invert wet,-4.18,0,0,114.jpg,1,7.12,FAIR,Active,I-53,1175840.73,MS-54,Unable to receive signal,NO,0, ,Interceptor,S,1313,1,NO, ,0,N DEARBORN ST,114,NO,Headwall,0,Metal,SUNNY,3,2.87931043266,DWM,0,304,1902234.04
115.pdf,115.mpg,NO,174.73182491,1.05833933925,NO,0.941465315188,0.740339188371,164.503952612,Clark St.,39-3-20,Chicago River,0,-721635328,6,Invert wet,-3.48,0,0,115.jpg,0,165.1,FAIR,Active,I-52,1175520.67, ,Unable to receive signal,YES,0, ,Interceptor,N,1314,1,NO, ,0,N CLARK ST,115,NO,Bridge,0,Metal,SUNNY,5,0.941465315188,DWM,122.23,319,1902475.81
116.pdf,116.mpg,NO,9.9136,1.3723145072,NO,2.85062943835,0,28.26,Clark St.,39-3-20,Chicago River,0,-721635328,3,Invert wet,-3.33,0,0,116.jpg,0,7.224,FAIR,Active,I-51,1175441.68,MS-54,Unable to receive signal,YES,0, ,Interceptor,S,1315,1,NO, ,0,W LOWER Wacker DR,116,NO,Bridge,0,Metal,SUNNY,3,2.85062943835,DWM,0,106,1902224.1
117.pdf,117.mpg,NO,7.8484,1.4,NO,1.89753509817,0,14.8926144644,LaSalle St.,39-3-20,Chicago River,0,-721635328,2(2.00,Dry,-1.18,0,0,117.jpg,0,5.606,FAIR,Active,I-49,1175138.03, ,Unable to receive signal,YES,0, ,Interceptor,N,1316,1,NO, ,0,N LA SALLE ST,117,NO,Bridge,0,Metal,SUNNY,2,1.89753509817,DWM,0,317,1902475.11
118.pdf,118.mpg,NO,10.7548,1.4,NO,2.6276639268,0,28.26,LaSalle St.,39-3-20,Chicago River,0,-721635328,3,Invert wet,-3.18,0,0,118.jpg,0,7.682,FAIR,Active,I-48,1175139.19,MS-54,Unable to receive signal,NO,0, ,Interceptor,S,1317,1,NO, ,0,N LA SALLE ST,118,YES,Bridge,0,Metal,SUNNY,3.5x3.5,2.6276639268,DWM,0,303,1902264.11
119.pdf,119.mpg,NO,283.402038973,0.986027454692,NO,0.400138264393,0.500553201261,113.4,Wells St.,39-3-20,Chicago River,0,-721635328,5 X 7,Invert wet,-3.18,2,0.402255398067,119.jpg,0,287.418,FAIR,Active,I-47A/B,1174717.63, ,Unable to receive signal,YES,0.00695850642618, ,Interceptor,N,1318,1,NO, ,114,W MERCHANDISE MART PLZ,119,NO,Bridge,0,Concrete,SUNNY,3x6,0.202374690768,DWM,143.868,209,1902497.05
120.pdf,120.mpg,NO,11.6284,1.4,NO,3.13003038301,0,36.3972453058,Wells St.,39-3-20,Chicago River,0,487964672,3,Dry,-0.08,0,0,120.jpg,0,8.306,FAIR,Active,I-46,1174652.28,MS-54,Unable to receive signal,YES,0, ,Interceptor,S,1319,1,NO, ,0,N WELLS ST,120,YES,Bridge,0,Concrete,SUNNY,3x4,3.13003038301,DWM,0,304,1902255.24
121.pdf,121.mpg,NO,10.0830697797,1.33022028756,NO,2.54638601726,0,25.6753878981,Franklin St.,39-3-20,Chicago River,0,-721635328,3,Invert wet,-2.78,0,0,121.jpg,0,7.58,FAIR,Active,DS-54,1174318.63,MS-54,Unable to receive signal,YES,0, ,Direct,S,1320,1,NO, ,0,W LOWER Wacker DR,121,YES,Bridge,0,Brick,SUNNY,4x5.5,2.54638601726,DWM,0,240,1902215.62
123.pdf,123.mpg,NO,61.29505,1.27054805879,NO,1.13703889618,0,69.6948559931,Randolph St.,39-3-20,South Branch Chicago River,0,-635235328,10 X 9.5,Invert wet,-10.88,0,1.71302576635,123.jpg,0,48.243,FAIR,Active,I-44&45,1173716.48,MS-52,Unable to receive signal,YES,0, ,Interceptor,E,1321,1,NO, ,105,W RANDOLPH ST,123,NO,Bridge,0,Concrete,SUNNY,N/A,1.13703889618,DWM,0,373,1901194.83
124.pdf,124.mpg,NO,62.66,1.3,NO,0.451643791893,0,28.3,Washington St., ,South Branch Chicago River,0,-635235328,3,Dry,-1.48,0,0.271305458027,124.jpg,0,48.2,POOR,Active,I-44,1173668.64,MS-52,Unable to receive signal,YES,0, ,Interceptor,E,1322,1,NO, ,17,W WASHINGTON ST,124,YES,Bridge,0,Brick,SUNNY,3,0.451643791893,DWM,0,383,1900831.3
125.pdf,125.mpg,NO,981.269867423,0.717423154056,NO,0.351812209323,0,345.22272,Washington St.,39-3-24,South Branch Chicago River,0.00290692148534,-635235328,12 X 9,Invert wet,-7.13,9,0.409673233986,125.jpg,0,1367.77,POOR,Active,I-121,1173453.08,MS-61,Unable to receive signal,YES,0.00658005366399, ,Interceptor,W,1323,1,NO, ,402,W WASHINGTON ST,125,NO,Bridge,3.976,Concrete,SUNNY,7x1.5,0.351812209323,DWM,0,407,1900734.05
126.pdf,126.mpg,NO,18.9615415552,1.34155522536,NO,1.43696272434,0,27.2470284109,Madison St.,39-3-20,South Branch Chicago River,0,-635235328,3,Dry,-2.38,0,0,126.jpg,0,14.134,POOR,Active,I-42,1173631.37,MS-52,Unable to receive signal,YES,0, ,Interceptor,E,1324,1,NO, ,0,W MADISON ST,126,YES,Bridge,0,Concrete,SUNNY,3x5,1.43696272434,DWM,0,381,1900288.11
127.pdf,127.mpg,NO,14.8600435378,1.35646221249,NO,3.64589076593,0,54.1780955158,Monroe St.,39-2-17,South Branch Chicago River,0,-635235328,2(3.5 X 4,Dry,-1.38,0,0,127.jpg,0,10.955,POOR,Active,I-41,1173624.79,MS-52,Unable to receive signal,YES,0, ,Interceptor,E,1325,1,NO, ,0,W MONROE ST,127,YES,Bridge,0,Concrete,SUNNY,3x5.5,3.64589076593,DWM,0,383,1899823.14
129.pdf,128.mpg,NO,21.0352777771,1.33888853523,NO,1.42216766209,0,29.9156918177,Adams St.,39-2-17,South Branch Chicago River,0,-635235328,3,Dry,-1.58,0,0.808166175896,128.jpg,0,15.711,FAIR,Active,I-39,1173669.05,MS-52,Unable to receive signal,YES,0, ,Interceptor,E,1326,1,NO, ,17,W ADAMS ST,128,NO,Bridge,0,Concrete,SUNNY,4,1.42216766209,DWM,0,383,1899334.75
129.pdf,N/A,MWRD,59.1208,1.22383042146,NO,2.2288793927,0,131.7731328,Quincy St.,39-2-17,South Branch Chicago River,0,-635235328,9 X 7.2,Invert wet,-10.28,0,4.48234800612,129.jpg,1,48.308,FAIR,Active,DS-52,1173723.05,MS-52,Unable to receive signal,YES,0, ,Direct,E,1327,1,NO, ,265,W QUINCY ST,129,NO,Headwall,0,Metal,SUNNY,11.5x3,2.2288793927,DWM,0,347,1899151.51
130.pdf,130.mpg,NO,30.7999531053,1.29689473684,NO,0.664996922881,0,20.4818740399,Jackson Blvd.,39-2-17,South Branch Chicago River,0,-635235328,3,Dry,-1.88,0,0.551948892321,130.jpg,0,23.749,FAIR,Active,I-38,1173770.95,MS-52,Unable to receive signal,YES,0, ,Interceptor,E,1328,1,NO, ,17,W JACKSON BLVD,130,YES,Bridge,0,Metal,SUNNY,3,0.664996922881,DWM,0,375,1898951.65
131.pdf,131.mpg,NO,44.5919678665,1.0678664655,NO,0.795561357093,0,35.4756464713,Van Buren St.,39-2-17,South Branch Chicago River,0,-635235328,3,Invert wet,-7.38,0,0.381234576839,131.jpg,0,41.758,FAIR,Active,I-35,1173884.57,MS-52,Unable to receive signal,YES,0, ,Interceptor,E,1329,1,NO, ,17,S WACKER DR,131,YES,Bridge,0,Concrete,SUNNY,3.8x5.0,0.795561357093,DWM,0,408,1898395.66
132.pdf,132.mpg,MWRD,159.196133155,1.26657755713,NO,0.477992701064,0,76.0945896858,Harrison St.,39.2.18,South Branch Chicago River,0,-376035328,5,Invert wet,-3.43,0,0.63443752055,132.jpg,1,125.69,FAIR,Active,DS-51,1174080.8331,MS-51, ,NO,0, ,Direct,W,1330,1,YES, ,101,W HARRISON ST,132,NO,Bridge,0,Cement,SUNNY,6.5x6.8,0.477992701064,DWM,0,329,1897569.1628
133.pdf,133.mpg,NO,4.62206,0.59,NO,1.63405300931,0,20.4818740399,Harrison St.,39.2.18,South Branch Chicago River,0,-376035328,3,Invert wet,-2.83,0,1.834950217,133.jpg,0,7.834,EXCELLENT,Active,I-33,1174275.5229,MS-52, ,NO,0, ,Interceptor,E,1331,1,YES, ,23,W HARRISON ST,133,NO,Bridge,0,Metal,SUNNY,3,1.63405300931,DWM,0,317,1897573.3122
134.pdf,134.mpg,MWRD,63.5770859974,1.38599738391,NO,1.00036041291,0,63.6,Polk St.,39.2.18,South Branch Chicago River,0,-376035328,3.42 X 4.5,Invert wet,-2.63,0,1.21112817286,134.jpg,1,45.871,POOR,Active,I-32,1174229.9261,MS-51, ,YES,0, ,Interceptor,W,1332,1,YES, ,77,S SHIELDS AVE,134,YES,Headwall,0,Cement,SUNNY,4,0.398597515961,DWM,0,730,1896733.7755
136.pdf,N/A,MWRD,61.1978,1.34,NO,0.863085002377,0,52.8189033585,Taylor St.,39.2.18,South Branch Chicago River,0,-376035328,4.33 X 5.5,Invert wet,-3.78,0,1.04578922772,136.jpg,1,45.67,FAIR,Active,I-28,1174570.8666,MS-49, ,NO,0, ,Interceptor,W,1333,1,YES, ,64,W TAYLOR ST,136,N/A,Headwall,0,Cement,SUNNY,N/A,0.863085002377,DWM,0,306,1895909.4616
137.pdf,137.mpg,NO,102.5,1,NO,2.12324201427,0,217.632306462,Taylor St., ,South Branch Chicago River,0,-376035328,8,Invert wet,-2.93,0,0,137.jpg,0,102.5,FAIR,Active,DS-50,1174337.32,MS-52, ,YES,0, ,Direct,E,1334,1,YES, ,0,W TAYLOR ST,137,NO,Headwall,0,Cement,SUNNY,5.5x5.8,2.12324201427,DWM,0,306,1895886.41
138.pdf,138.mpg,MWRD,74.62,1.3,NO,1.14044492093,0,85.1,Roosevelt Rd.,39-2-18,South Branch Chicago River,0,-289635328,4.33 X 5.5,Invert wet,-2.88,0,0.911283838113,138.jpg,1,57.4,FAIR,Active,DS-49,1174451.7876,MS-49, ,NO,0, ,Direct,W,1335,1,YES, ,68,W ROOSEVELT RD,138,NO,Bridge,0,Cement,SUNNY,5x4.4,1.14044492093,DWM,0,301,1894970.2358
139.pdf,139.mpg,NO,21.88924,0.61,NO,1.18358376471,0,25.9077490859,Roosevelt Rd.,39-2-18,South Branch Chicago River,0,-289635328,3,Dry,-0.88,0,0,139.jpg,0,35.884,FAIR,Active,DS-48,1174620.1997,MS-45, ,YES,0, ,Direct,E,1336,1,YES, ,0,W ROOSEVELT RD,139,YES,Bridge,0,Clay,SUNNY,3,1.18358376471,DWM,0,248,1895052.8116
140.pdf,140.mpg,MWRD,60.5058,1.45237157945,NO,1.29739628267,0,78.5,Maxwell St.,39-2-19,South Branch Chicago River,0,-289635328,5,Dry,-2.18,0,0,140.jpg,1,41.66,POOR,Active,DS-47,1174461.85,MS-47, ,YES,0, ,Direct,W,1337,1,YES, ,0,S LUMBER ST,140,NO,Headwall,0,Metal,SUNNY,4.5,1.29739628267,DWM,0,1317,1894149.48
141.pdf,141.mpg,NO,70.7734107515,1.4607515119,NO,0.709871114964,0,50.24,14th St.,39-2-19,South Branch Chicago River,0,-289635328,4,Dry,-1.98,0,0,141.jpg,0,48.45,POOR,Active,DS-46,1174476.12,MS-47, ,YES,0, ,Direct,W,1338,1,YES, ,0,S LUMBER ST,141,NO,Headwall,0,Metal,SUNNY,4.5,0.709871114964,DWM,0,1357,1893689.62
143.pdf,143.mpg,MWRD,202.3449453,0.877349826999,NO,0.642428673447,0,129.992194788,14th St.,39-2-19,South Branch Chicago River,0,-289635328,8 X 6.75,Invert wet,-3.38,0,0,143.jpg,1,230.632,FAIR,Active,DS-45,1174673.57,MS-45, ,YES,0, ,Direct,E,1339,1,YES, ,0,S LUMBER ST,143,NO,Headwall,0,Concrete,SUNNY,8x3.9,0.642428673447,DWM,0,1359,1893721.51
144.pdf,144.mpg,NO,16.7819731028,0.648102769088,NO,1.6839497851,0,28.26,15th St.,39.2.19,South Branch Chicago River,0,-289635328,3,Dry,-2.18,0,0,144.jpg,0,25.894,FAIR,Active,DS-44,1174695.07,MS-45, ,NO,0, ,Direct,E,1340,1,YES, ,0,S LUMBER ST,144,NO,Headwall,0,Concrete,SUNNY,3,1.6839497851,DWM,0,1501,1893037.38
145.pdf,145.mpg,NO,77.9596816671,1.30666714156,NO,1.40885222733,0,109.833671159,16th St.,39.2.19,South Branch Chicago River,0,-289635328,4,Invert wet,-3.28,0,0.641357159634,145.jpg,0,59.663,FAIR,Active,DS-43,1174515.67,MS-47, ,YES,0, ,Direct,W,1341,1,YES, ,50,W 16TH ST,145,YES,Open pipe,0,Metal,SUNNY,4,1.40885222733,DWM,0,255,1892375.32
146.pdf,146.mpg,NO,55.0896678896,0.933944798589,YES,0.388323628625,0,21.3926197347,16th St.,39-2-19,South Branch Chicago River,0,-116835328,3,Dry,-1.88,0,0.308587810587,146.jpg,0,58.986,FAIR,Active,I-25,1174719.17,MS-45, ,YES,0,Net,Interceptor,E,1342,1,YES, ,17,W 16TH ST,146,NO,Open pipe,0,Metal,CLOUDY,3,0.388323628625,DWM,0,249,1892384.94
147.pdf,147.mpg,NO,88.1551357073,1.18929274874,NO,0.600445069464,0,52.9323165834,18th St.,39-2-20,South Branch Chicago River,0,-30435328,4,Dry,-2.18,0,0,147.jpg,0,74.124,FAIR,Active,DS-42,1174357.9631,MS-47, ,NO,0, ,Direct,W,1343,1,YES, ,0,W 18TH ST,147,NO,Bridge,0,Metal,SUNNY,4,0.600445069464,DWM,0,315,1891565.6078
148.pdf,148.mpg,NO,14.4857,0.831555683123,NO,2.19805512664,0,31.8403671479,18th St.,39-2-20,South Branch Chicago River,0,-30435328,3,Dry,-1.28,0,0,148.jpg,0,17.42,FAIR,Active,I-24,1174528.0291,MS-41, ,YES,0, ,Interceptor,E,1344,1,YES, ,0,W 18TH ST,148,NO,Bridge,0,Metal,SUNNY,2.5x4,2.19805512664,DWM,0,273,1891484.4931
149.pdf, ,NO,18.1976609003,0.664099733606, ,0.932021051047,0,16.9606030389,19th St.,39-2-20,South Branch Chicago River,0,,3, ,0,0,0, ,0,27.402, ,Active,I-23,1174445.12,MS-41,Could Not Locate Outfall, ,0, ,Interceptor,E,1345,1,NO, ,0,S GROVE ST,149, , ,0, , , ,0.932021051047,DWM,0,1900,1891199.25
150.pdf,150.mpg,NO,9.53889952705,1.10047294959,NO,2.96260589808,0,28.26,Stewart Ave.,39-2-20,South Branch Chicago River,0,-30435328,3,Invert wet,-6.58,0,0,150.jpg,0,8.668,FAIR,Active,I-20H,1173632.4341,MS-41, ,YES,0, ,Interceptor,S,1346,1,YES, ,0,S STEWART AVE,150,NO,Headwall,0,Concrete,CLOUDY,4x8,2.96260589808,DWM,0,2001,1890408.1322
151.pdf,151.mpg,MWRD,313.268135116,0.885115758007,NO,0.70776386502,0.100522986249,221.719866097,Canal St.,39-2-24,South Branch Chicago River,0,-30435328,8,Invert wet,-4.38,2,0,151.jpg,1,353.929,FAIR,Active,DS41,1173445.5394,MS-41, ,YES,0.00565085087687, ,Direct,S,1347,1,YES, ,0,S CANAL ST,151,NO,Headwall,0,Brick,CLOUDY,8,0.70776386502,DWM,35.578,2046,1890245.2952
152.pdf,N/A,NO,30.747475,1.1453706463,NO,0.308685997223,0,9.49131498246,Cermak Rd.,39-2-24,South Branch Chicago River,0,-30435328,2,Dry,-2.28,0,0.325229957907,152.jpg,0,26.845,EXCELLENT,Active,I-123,1172910.44,MS-38a,Unable to receive signal,NO,0, ,Interceptor,W,1348,1,NO, ,10,W CERMAK RD,152,NO,Bridge,0,Concrete,SUNNY,N/A,0.308685997223,DWM,0,523,1889669.43
153.pdf,153.mpg,NO,24.488375,1.29588691327,NO,0.799743448073,0,19.5844174602,Cermak Rd.,39-2-24,South Branch Chicago River,0,-30435328,3,Dry,-2.18,0,0,153.jpg,0,18.897,EXCELLENT,Active,I-21,1173150.5778,MS-41, ,YES,0, ,Interceptor,E,1349,1,YES, ,0,W CERMAK RD,153,NO,Open pipe,0,Concrete,CLOUDY,3,0.799743448073,DWM,0,476,1889732.345
154.pdf,154.mpg,MWRD,812.991022143,0.700714186597,NO,1.70018485614,0.0810286218618,1382.23502403,Normal Ave.,39-1-21,South Branch Chicago River,0.00624444076702,-30435328,16 X 12.8,Invert wet,-14.28,0,0.553511647415,154.jpg,2,1160.232,FAIR,Active,DS-40,1172661.3761,MS-40, ,NO,0, ,Direct,S,1350,1,YES, ,450,S LUMBER ST,154,NO,Battery,7.245,Concrete,CLOUDY,8x14.5,1.70018485614,DWM,94.012,2249,1888824.3002
155.pdf,155.mpg,NO,45.276165424,1.28457599228,NO,2.43732226767,0,110.352606183,Wallace St.,39-1-21,South Branch Chicago River,0,-30435328,6,Invert wet,-6.98,1,0,155.jpg,0,35.246,FAIR,Active,DS-39,1172163.7191,MS-40, ,YES,0.0283720138455, ,Direct,S,1351,1,YES, ,0,S DAN RYAN EXPY,155,NO,Battery,0,Concrete,SUNNY,10x8,2.43732226767,DWM,0,2413,1888421.8947
156.pdf,156.mpg,MWRD,390.161592188,0.806785757212,NO,1.38006461687,0,538.44820824,Union Ave.,39-1-21,South Branch Chicago River,0,-30435328,11.42 X 9.17,Invert wet,-10.78,0,0,156.jpg,2,483.6,FAIR,Active,DS-38,1171763.3011,MS-38A, ,YES,0, ,Direct,N,1352,1,YES, ,0,W STEVENSON EXPY,156,NO,Battery,0,Concrete,CLOUDY,7.5x10,1.38006461687,DWM,0,2328,1888579.7006
157.pdf,157.mpg,NO,91.9305,1.3546283744,NO,0.54649980148,0,50.24,Halsted St.,39-1-21,South Branch Chicago River,0,228764672,4,Dry,-2.08,0,0,157.jpg,0,67.864,POOR,Active,DS-37,1171439.7632,MS-38A, ,YES,0, ,Direct,N,1353,1,YES, ,0,S HALSTED ST,157,YES,Bridge,0,Metal,CLOUDY,5,0.54649980148,DWM,0,2333,1888518.7992
158.pdf,158.mpg,NO,121.213211878,1.21187762448,NO,0.400927032872,0,48.597653383,Halsted St.,39-1-21,South Branch Chicago River,0.0830825526639,228764672,5,Invert wet,-2.48,0,0.247497773017,158.jpg,0,100.021,FAIR,Active,I-20,1171339.2643,MS-40, ,YES,0, ,Interceptor,S,1354,1,YES, ,30,S HALSTED ST,158,YES,Bridge,8.31,Concrete,CLOUDY,5x5,0.400927032872,DWM,0,2405,1888315.6406
159.pdf,159.mpg,NO,119.8688,1.21251062108,NO,0.360394030807,0,43.2,Morgan St.,39-1-25,South Branch Chicago River,0,228764672,4.5,Dry,-1.28,0,0.358725539924,159.jpg,0,98.86,POOR,Active,I-19,1170104.03,MS-38A, ,YES,0, ,Interceptor,N,1355,1,YES, ,43,S MORGAN ST,159,NO,Headwall,0,Metal,CLOUDY,4.5,0.269500143119,DWM,0,2340,1888154.4914
160.pdf,160.mpg,NO,87.3237070257,1.27851286256,NO,0.323623457622,0,28.26,Senour Ave.,39-1-25,South Branch Chicago River,0.0543915901671,228764672,3,Dry,-0.98,0,0,160.jpg,0,68.301,FAIR,Active,I-18,1169813.1431,MS-40, ,NO,0, ,Interceptor,S,1356,1,YES, ,0,S SENOUR AVE,160,NO,Headwall,3.715,Concrete,CLOUDY,3,0.323623457622,DWM,0,2513,1887868.2853
162.pdf,N/A,CITY,35.678339645,1.26518934911,NO,0.169956863847,0,6.06377871333,Throop St.,39-1-29,South Branch Chicago River,0,228764672,2,Dry,-2.48,0,0.224225680892,162.jpg,0,28.2,POOR,Active,Indirect,1168178.1132,MS-35, ,YES,0, Boom,Indirect,N,1357,1,YES,H&H,8,S THROOP ST,162,N/A,Headwall,0,N/A,SUNNY,N/A,0.169956863847,DWM,0,2418,1887926.6891
163.pdf,163.mpg,NO,63.8168453152,1.19843840968,NO,0.442829786719,0,28.26,Throop St.,39-1-29,South Branch Chicago River,0,228764672,3,Dry,-2.28,1,0.26638734516,163.jpg,0,53.25,FAIR,Active,I-14,1168357.86,MS-40, ,YES,0.018779342723, ,Interceptor,S,1358,1,YES, ,17,S THROOP ST,163,NO,Headwall,0,Concrete,SUNNY,3,0.442829786719,DWM,0,2443,1887762.93
165.pdf,165.mpg,NO,129.184764514,1.18548585429,NO,0.38526502808,0,49.7703719281,Loomis St.,39-1-29,South Branch Chicago River,0,315164672,3,Dry,-1.88,0,0.131594465214,165.jpg,0,108.972,FAIR,Active,DS-36,1167488.0137,MS-40, ,YES,0, ,Direct,S,1359,1,YES, ,17,S LOOMIS ST,165,NO,Open pipe,0,Concrete,SUNNY,3,0.38526502808,DWM,0,2610,1886979.9245
166.pdf,166.mpg,MWRD,1002.645,0.45,NO,1.17,0,331.508055488,Laflin St.,39-1-29,South Branch Chicago River,0.00743279026974,228764672,15 X 12,Invert wet,-11.78,7,1.16691351376,166.jpg,2,2228.1,FAIR,Active,DS-35,1166748.53,MS-35, ,YES,0.00314169022934, ,Direct,N,1360,1,YES, ,1170,S LAFLIN ST,166,NO,Battery,16.561,Concrete,SUNNY,4 (9x11),0.330633529802,DWM,0,2550,1886783.23
167.pdf,167.mpg,NO,187.99115,1.14034242213,NO,0.505263146696,0,94.985,Ashland Ave.,39-1-29,South Branch Chicago River,0.115604622244,315164672,5.5,Invert wet,-6.38,0,0,167.jpg,0,164.855,FAIR,Active,DS-34,1166160.1003,MS-35, ,YES,0, ,Direct,N,1361,1,YES, ,0,S ASHLAND AVE,167,NO,Bridge,19.058,Concrete,SUNNY,4x6,0.505263146696,DWM,0,2547,1886884.9212
168.pdf,168.mpg,MWRD,560.063335584,0.841103907514,NO,0.819041081347,0,458.71488,Paulina St.,39-1-33,South Branch Chicago River,0.0937754836927,315164672,12 X 12,Invert wet,-3.48,3,0,168.jpg,1,665.867,FAIR,Active,DS-25,1165466.1,MS-25, ,YES,0.00450540423238, ,Direct,N,1362,1,YES, ,0,S PAULINA ST,168,NO,Headwall,62.442,Concrete,SUNNY,N/A,0.819041081347,DWM,0,2601,1886775.61
169.pdf,169.mpg,NO,7.4608,1.6,NO,0.188926924727,0,1.409546,Wood St.,39-1-34,South Branch Chicago River,0,487964672,0.67,Dry,-1.28,0,0.134033883766,169.jpg,0,4.663,FAIR,Active,DS-23,1164377.03,MS-25, ,NO,0, ,Direct,N,1363,1,YES, ,1,S WOLCOTT AVE,169,YES,Headwall,0,Metal & Concrete,SUNNY,1.5 & 3.0,0.188926924727,DWM,0,2639,1886255
170.pdf,170.mpg,NO,104.041175,1.53759218207,NO,0.262484207685,0,27.3091653865,Damen Ave.,39-1-34,South Branch Chicago River,0.0735683144905,487964672,3,Dry,-1.18,0,0.153785268188,170.jpg,0,67.665,FAIR,Active,DS-23,1163523.4864,MS-25, ,YES,0, ,Direct,N,1364,1,YES, ,16,S DAMEN AVE,170,YES,Open pipe,4.978,Metal,SUNNY,3,0.262484207685,DWM,0,2741,1885746.6674
172.pdf,172.mpg,MWRD,289.700524067,0.924066920783,NO,0.753108849445,0,218.176028364,Oakley Ave.,39-1-38,Sanitary and Ship Canal,0,487964672,10 X 8,Invert wet,-10.18,3,0,172.jpg,2,313.506,FAIR,Active,DS-22,1161373.28,MS-22, ,NO,0.00956919484795, ,Direct,N,1365,1,YES, ,0,S WESTERN AVE,172,NO,Battery,0,Concrete,SUNNY,14x10.5,0.753108849445,DWM,0,3051,1884506.43
173.pdf,173.mpg,MWRD,840.76872,0.66,YES,0.701738761166,0,590,Western Ave.,39-1-42,Sanitary and Ship Canal,0,487964672,12 X 14,Invert wet,-12.98,4,0.4519673377,173.jpg,2,1273.892,FAIR,Active,DS-21,1160827.6292,MS-21, ,NO,0.00313998360929, ,Direct,S,1366,1,YES, ,380,S WESTERN BLVD,173,NO,Headwall,0,Concrete,SUNNY,14x13.9,0.244300239904,DWM,0,3108,1884010.5484
174.pdf,174.mpg,MWRD,699.533559086,0.58408603403,NO,0.756148032348,0,528.950924264,Rockwell St.,39-1-43,Sanitary and Ship Canal,0,1092764672,10.5,Invert wet,-10.98,1,0,174.jpg,2,1197.655,FAIR,Active,DS-20,1159835.37,MS-20, ,YES,0.000834964994093, ,Direct,N,1367,1,YES, ,0,W 31ST ST,174,NO,Headwall,0,Concrete,SUNNY,14x14.5,0.756148032348,DWM,0,2607,1883847.39
176.pdf,176.mpg,MWRD,997.62,0.325,NO,0.815769408381,0.0676671227522,813.827877189,California Ave.,39-1-43,Sanitary and Ship Canal,0,1092764672,15 X 15,Invert wet,-14.28,4,0,176.jpg,2,3069.6,FAIR,Active,DS-19,1158107.57,MS-19, ,YES,0.00130310138129, ,Direct,S,1368,1,YES, ,0,S CALIFORNIA AVE,176,NO,Battery,0,Concrete,SUNNY,10.5x14,0.815769408381,DWM,207.711,3252,1882846.44
178.pdf,178.mpg,NO,699.7773,0.66750732584,NO,0.45,0,314.9,Albany Ave.,39-1-46,Collateral Canal,0.0142596323344,1092764672,9,Invert wet,-10.38,2,0.45157223591,178.jpg,0,1048.344,FAIR,Active,I-12,1156311.68,MS-30, ,YES,0.00190777073174, ,Interceptor,N,1369,1,YES, ,316,W 31ST ST,178,YES,Headwall,14.949,Concrete,SUNNY,10x14,0.363458488865,DWM,0,3047,1883880.53
179.pdf,179.mpg,NO,81.293875,1.37921812969,NO,0.195540561943,0,15.89625,Kedzie Ave.,39-1-51,Sanitary and Ship Canal,0,1697564672,2.25,Dry,-0.58,0,0.319827293262,179.jpg,0,58.942,FAIR,Active,DS-18,1155633.7224,MS-20, ,YES,0, ,Direct,N,1370,1,YES, ,26,S KEDZIE AVE,179,NO,Headwall,0,Concrete,SUNNY,2.5,0.195540561943,DWM,0,3345,1882056.108
180.pdf,180.mpg,MWRD,473.449572109,0.92210916152,NO,0.45,0,170.153678885,Kedzie Ave.,39-1-51,Sanitary and Ship Canal,0,1697564672,9,Dry,-2.78,0,0.380188325439,180.jpg,1,513.442,EXCELLENT,Active,DS-17,1155528.8996,MS-17, ,NO,0, ,Direct,S,1371,1,YES, ,180,S KEDZIE AVE,180,NO,Headwall,0,Concrete,SUNNY,9,0.359391345792,DWM,0,3414,1881704.2536
181.pdf,181.mpg,NO,175.899905267,1.2473666669,NO,0.130643731645,0,22.98022002,Central Park Ave.,39-1-52,Sanitary and Ship Canal,0,2043164672,2.5 X 2.79,Invert wet,-2.68,0,0.0795907193854,181.jpg,0,141.017,FAIR,Active,I-10,1153599.5347,MS-17, ,YES,0, ,Interceptor,S,1372,1,YES, ,14,W 35TH ST,181,NO,Headwall,0,Concrete,SUNNY,5,0.130643731645,DWM,0,3556,1880853.8269
182.pdf, ,MWRD,271.072009163,0.940836772306, ,0.519788083008,0,140.9,Lawndale Ave.,39-1-56,Sanitary and Ship Canal,0,,7, ,0,1,0.520156988673, ,1,288.118, ,Active,DS-16,1152302.13,MS-15,"Unable to find outfall, barge in the way. Took gps of sign", ,0.00347080015827, ,Direct,N,1373,1,NO, ,141,W 35TH PL,182, , ,0, , , ,0.446675147831,DWM,0,3701,1880657.31
183.pdf,183.mpg,MWRD,455.357964734,0.782367050156,NO,0.520030433943,0,236.8,Pulaski Rd.,39-1-60,Sanitary and Ship Canal,0,2043164672,8 X 8,Invert wet,-6.78,0,0.518273574369,183.jpg,1,582.026,FAIR,Active,I-9,1150219.3106,MS-15, ,YES,0, ,Interceptor,N,1374,1,YES, ,236,S PULASKI RD,183,NO,Bridge,0,Concrete,SUNNY,11x8.5,0.447720904847,DWM,0,3726,1879725.0601
184.pdf,184.mpg,MWRD,1047.10822478,0.727007029634,NO,0.459595552023,0,481.246282596,Pulaski Rd.,39-1-60,Sanitary and Ship Canal,0,2043164672,10.5,Invert wet,-3.08,5,0.525256116783,184.jpg,1,1440.3,FAIR,Active,I-8,1150248.9417,MS-17, ,NO,0.00347149899327, ,Interceptor,S,1375,1,YES, ,550,S PULASKI RD,184,NO,Bridge,0,Brick,SUNNY,11,0.459595552023,DWM,0,3746,1879420.5865
185.pdf,185.mpg,MWRD,7830.9,1,NO,0.125303548464,0.00496098788134,981.239557665,Kenton Ave.,38-3-69,Sanitary and Ship Canal,0.00192979095634,2043164672,18 X 14.42,Invert wet,-15.48,26,0,185.jpg,2,7830.9,FAIR,Active,DS-15,1146651.8,MS-15, ,YES,0.00332018031133, ,Direct,N,1376,1,YES, ,0,W STEVENSON EXPY,185,NO,Headwall,15.112,Concrete,SUNNY,26x22,0.125303548464,DWM,38.849,4444,1878195.62
186.pdf,186.mpg,MWRD,380.514611959,0.855979619153,NO,0.452260149873,0,172.091595433,Cicero Ave.,38-3-69,Sanitary and Ship Canal,0,2129564672,9 X 7.5,Invert wet,-4.88,2,0.483555674912,186.jpg,2,444.537,FAIR,Active,I-5,1144914.4016,MS-12, ,NO,0.00449906307012, ,Interceptor,S,1377,1,YES, ,184,S CICERO AVE,186,NO,Headwall,0,Concrete,SUNNY,13x7,0.452260149873,DWM,0,4062,1877159.7054
187.pdf,187.mpg,MWRD,8983.8,1,NO,0.257599065564,0.00885671987355,2314.21848521,Leamington Ave.,38-3-74,Sanitary and Ship Canal,0,2129564672,21.5 X 19.4,Invert wet,-16.18,5,0.318350809234,187.jpg,2,8983.8,POOR,Active,DS-12,1142343.81,MS-12, ,YES,0.000556557358801, ,Direct,S,1378,1,YES, ,2860, ,187,NO,Battery,0,Concrete,SUNNY,11x18,0.257599065564,DWM,79.567,0,1876087.2
188.pdf,188.mpg,MWRD,904.50212,0.475,NO,0.379287312365,0.010416365799,343.066180019,Natchez Ave.,38-3-91,Sanitary and Ship Canal,0,2129564672,12 X 9.5,Invert wet,-8.38,6,0.394692273387,188.jpg,2,1904.215,FAIR,Active,DS-8,1133001.3708,MS-8, ,YES,0.00315090470351, ,Direct,S,1379,1,YES, ,357, ,188,NO,Headwall,0,Concrete,SUNNY,18x13.5,0.379287312365,DWM,19.835,0,1872025.876
189.pdf,189.mpg,MWRD,925.829400159,0.637420299284,NO,0.625458098328,0.103219841056,579.067496,Nashville Ave.,38-3-91,Sanitary and Ship Canal,0,2129564672,13.58,Invert wet,-9.88,3,0,189.jpg,4,1452.463,FAIR,Active,Rock Tunnel,1132490.3055,MS-8, ,NO,0.0020654570891, ,Interceptor,S,1380,1,YES, ,0, ,189,NO,Battery,0,Concrete,SUNNY,8x11.5,0.625458098328,DWM,149.923,0,1871770.0999
190.pdf,190.mpg,NO,115.382971012,1.37101166853,NO,0.221598887869,0,25.5687380553,Ashland Ave.,39-1-30,Fork of South Branch of Chicago River,0,1179164672,4,Dry,-2.08,0,0.234003334836,190.jpg,0,84.159,FAIR,Active,DS-33,1166209.0089,MS-30, ,YES,0, ,Direct,W,1381,1,YES, ,27,S ASHLAND AVE,190,NO,Headwall,0,Metal,SUNNY,4,0.221598887869,DWM,0,2772,1885505.8969
191.pdf,191.mpg,NO,63.8839406042,1.18439579896,NO,0.442364696553,0,28.26,Archer Ave.,39-1-30,Fork of South Branch of Chicago River,0,1179164672,3,Invert wet,-2.58,0,0.250454180639,191.jpg,0,53.938,POOR,Active,DS-32,1166601.0187,MS-30, ,YES,0, ,Direct,W,1382,1,YES, ,16,S ARCHER AVE,191,NO,Headwall,0,Concrete,SUNNY,3.5x2.5,0.442364696553,DWM,0,3071,1884459.697
192.pdf,192.mpg,NO,22.2926860273,1.26397267264,NO,1.26768034885,0,28.26,Archer Ave.,39-1-30,Fork of South Branch of Chicago River,0,1179164672,3,Dry,-1.88,0,0,192.jpg,0,17.637,FAIR,Active,DS-31,1166678.1974,MS-26, ,YES,0, ,Direct,E,1383,1,YES, ,0,S ARCHER AVE,192,NO,Bridge,0,Concrete,CLOUDY,3,1.26768034885,DWM,0,3063,1884550.9985
193.pdf,193.mpg,NO,203.425337735,0.88773488981,NO,0.21834449531,0,44.416802701,31st St.,39-1-30,Fork of South Branch of Chicago River,0.163080239667,1179164672,5,Dry,0.72,0,0.137642637401,193.jpg,0,229.151,FAIR,Active,DS-31,1166886.2459,MS-26, ,YES,0, ,Direct,E,1384,1,YES, ,28,S PITNEY CT,193,NO,Headwall,37.37,Concrete,CLOUDY,5,0.21834449531,DWM,0,3036,1884194.9529
194.pdf,194.mpg,MWRD,432.44515017,0.799914819391,NO,0.21494316418,0,92.9511289118,35th St.,39-1-31,Fork of South Branch of Chicago River,0,1611164672,6.5,Invert wet,-0.38,2,0.235868063175,194.jpg,1,540.614,FAIR,Active,DS-30,1168414.125,MS-30, ,YES,0.00369949723833, ,Direct,W,1385,1,YES, ,102,W 35TH ST,194,NO,Bridge,0,Concrete,SUNNY,6.7,0.21494316418,DWM,0,1308,1881595.5111
195.pdf,195.mpg,NO,233.516501186,1.08690684534,NO,0.193099321785,0,45.0918780046,35th St.,39-1-31,Fork of South Branch of Chicago River,0,1697564672,4.5,Dry,-2.38,5,0.107058815428,195.jpg,0,214.845,FAIR,Active,I-119,1168557.2028,MS-26, ,YES,0.0232725918686,Boom,Interceptor,E,1386,1,YES, ,25,W 35TH ST,195,YES,Bridge,0,Concrete,SUNNY,11x5.3,0.193099321785,DWM,0,1225,1881556.8194
196.pdf,196.mpg,NO,60.45,1.55,NO,0.507104418834,0,30.6544621185,37th St.,39-1-32,Fork of South Branch of Chicago River,0,1697564672,3,Dry,-1.78,1,0,196.jpg,0,39,POOR,Active,I-117,1168383.2729,MS-30, ,YES,0.025641025641,Boom,Interceptor,W,1387,1,YES, ,0,W 37TH ST,196,YES,Open Pipe,0,Metal,SUNNY,3,0.507104418834,DWM,0,1232,1880203.2213
197.pdf, ,NO,44.794725,1.55521039475, ,0.165791438175,0,7.4265818804,37th St.,39-1-32,Fork of South Branch of Chicago River,0,,2, ,0,0,0.178592457036, ,0,28.803, ,Active,I-118,1168554.49,MS-26,Could Not Locate Outfall, ,0, ,Interceptor,E,1388,1,NO, ,8,W 37TH ST,197, , ,0, , , ,0.165791438175,DWM,0,1232,1880252.48
198.pdf,198.mpg,MWRD,986.280925,0.425,NO,0.465095560882,0.0570828742328,458.71488,Iron St.,39-1-32,Fork of South Branch of Chicago River,0,1697564672,12 X 12,Invert wet,-9.93,4,0.378188394955,198.jpg,2,2320.661,FAIR,Active,DS-26,1168255.089,MS-26, ,NO,0.00172364684028, ,Direct,W,1389,1,YES, ,373,S IRON ST,198,NO,Battery,0,Concrete,SUNNY,2(10.5x13,0.465095560882,DWM,132.47,3767,1879729.48
206.pdf,206.mpg,MWRD,625.904506289,0.689853969237,NO,0.347797172957,0.327973107021,217.687817828,Torrence,37-1-20,Little Calumet River,0,-1560602624,10 X 6,Invert wet,6.72,1,0,206.jpg,2,907.3,EXCELLENT,Active,CDS-20,1195710.89,CDS20, ,NO,0.00110217127742, ,Direct,N,1390,1,YES, ,0,S HOXIE AVE,206,NO,Headwall,0,Concrete,CLOUDY, ,0.347797172957,DWM,297.57,13759,1814172.98
207.pdf,207.mpg,NO,203.24619142,0.766420143445,NO,0.386231099592,0.00683286259988,78.5,Drexel Ave.,37-1-36,Little Calumet River,0,-1560602624,6 X 3.67,Invert wet,4.72,0,0.152524383278,207.jpg,0,265.189,FAIR,Active,CDS-25,1181768.6468,CDS16, ,YES,0, ,Direct,N,1391,1,YES, ,31,E 134TH PL,207,NO,Headwall,0,Concrete,SUNNY, ,0.386231099592,DWM,1.812,831,1815984.3022
208.pdf,N/A,NO,4.4673,1.32600178094,NO,1.09825845589,0,4.90625,Park Ave.,37-1-41,Little Calumet River,0,-1560602624,1.25,Dry,10.72,0,0,208.jpg,0,3.369,FAIR,Active,CDS-17,1184597.9916,CDS16, ,NO,0, ,Direct,N,1392,1,YES, ,0,S DR MARTIN LUTHER KING DR,208,NO,Open Pipe,0,Metal,CLOUDY, ,1.09825845589,DWM,0,0,1815694.7526
209.pdf,209.mpg,NO,41.6004932092,1.2067908218,NO,0.0968471523534,0,4.02888930381,Forest Ave.,37-1-41,Little Calumet River,0,-1768795136,1.5,Dry,8.72,0,0.12019088271,209.jpg,0,34.472,POOR,Active,CI-9,1180667.9112,CDS17, ,YES,0,Net,Interceptor,N,1393,1,YES, ,5,S FOREST AVE,209,NO,Open Pipe,0,Clay,SUNNY, ,0.0968471523534,DWM,0,13435,1816129.4823
210.pdf,210.mpg,MWRD,76.0429045268,1.27047322697,NO,0.083833479954,0,6.37494131229,Indiana Ave.,37-1-41,Little Calumet River,0,-1474202624,2,Invert wet,7.62,1,0.118354237729,210.jpg,1,59.854,FAIR,Active,CDS-15,1180031.2156, , ,NO,0.0167073211481, ,Direct,S,1394,1,YES, ,9,S INDIANA AVE,210,NO,Headwall,0,Concrete,SUNNY, ,0.083833479954,DWM,0,13509,1815803.9625
211.pdf, ,MWRD,234.5923,0.774513189607, ,0.288506388618,0,67.6813772705,130th St.,37-1-39,Little Calumet River,0,,5.5, ,0,0,0.247237441297, ,1,302.89, ,Active,CDS-14,1179489.03,CDS14,Could Not Locate Outfall, ,0, ,Direct,E,1395,1, , ,58,E 130TH ST,211, , ,0, , , ,0.288506388618,DWM,0,100,1819185.39
214.pdf,214.mpg,NO,108.3224,1.01360931242,NO,0.919477411874,0,99.6,Parnell Ave.,37-1-49,Little Calumet River,0,-1387802624,4,Invert wet,4.52,0,0.923170092243,214.jpg,0,106.868,FAIR,Active,CI-8,1175024.56,CDS14, ,YES,0,Net,Interceptor,N,1396,1,YES, ,100,W 129TH PL,214,NO,Headwall,0,Concrete,CLOUDY, ,0.463800654343,DWM,0,529,1818531.14
215.pdf,215.mpg,NO,3.85153047687,1.38047687343,YES,19.1279664885,0,73.671945891,Halsted St.,37-1-54,Little Calumet River,0,-1387802624,4.5,Dry,13.82,0,19.9920526301,215.jpg,0,2.79,FAIR,Active,CI-7,1173385.8103,CDS14, ,NO,0, ,Interceptor,N,1397,1,YES, ,77,S HALSTED ST,215,YES,Bridge,0,Concrete,CLOUDY, ,19.1279664885,DWM,0,12960,1818706.6507
216.pdf,216.mpg,NO,50.4416,1.20004758166,NO,0.455900659322,0,22.9963586972,Peoria Ave.,37-1-59,Little Calumet River,0,-1387802624,2.5,Invert wet,6.22,0,0.237898877117,216.jpg,0,42.033,POOR,Active,CI-6,1172721.36,CDS14, ,NO,0, ,Interceptor,N,1398,1,YES, ,12,W 129TH PL,216,NO,Headwall,0,Concrete,CLOUDY, ,0.455900659322,DWM,0,901,1818634.76
218.pdf, ,MWRD,933.771,0.2, ,1.19943754946,0.00898121702216,1120,Laflin Ave.,37-1-64,Calumet Sag Channel,0,,17 X 13.6, ,0,0,1.2101468133, ,2,4668.855, ,Active,CDS-10,1168729.18,CDS10,Could Not Locate Outfall, ,0, ,Direct,N,1399,1, , ,1130, ,218, , ,0, , , ,0.33888266841,DWM,41.932,0,1817951.96
230.pdf,230.mpg,NO,348.7175,0.774461379925,NO,3.3411304877,0.918717838813,1165.11067084,Hobbie St., ,North Branch Canal,0,-1844835328,13 X 9.25,Invert wet,-11.92,0,0,230.jpg,0,450.271,FAIR,Active,DS-67R,1171262.3777,MS-70, ,NO,0, ,Direct,E,1400,1,YES, ,0,N KINGSBURY ST,230,NO,Battery,0,Concrete,SUNNY,2(12x12),3.3411304877,DWM,413.672,1102,1907144.0764
231.pdf,231.mpg,NO,342.269005061,0.853751571615,NO,1.3402174115,0,458.71488,Grace St., ,North Branch Chicago River,0,-1844835328,12 X 12,Invert wet,-11.58,0,0.999214053693,231.jpg,0,400.9,FAIR,Active,DS-86,1157328.33,MS-86, ,NO,0, ,Direct,W,1401,1,YES, ,342,N CALIFORNIA AVE,231,NO,Battery,0,Concrete,SUNNY,2(12x12),1.3402174115,DWM,0,3803,1925077.466
233.pdf,N/A,NO,104.538,1.14,NO,1.26906005472,0.793075245365,132.665,Berwyn Ave., ,North Shore Channel,0,1499731968,6.5,Invert wet,-2.74,0,0,233.jpg,0,91.7,FAIR,Active,DS-92,1155094.28,MS-94, ,N/A,0, ,Direct,E,1402,1,YES, ,0,W BERWYN AVE,233,NO,Headwall,0,Concrete,SUNNY,8x8,1.26906005472,DWM,72.725,2965,1935028.34
237.pdf,237.mpg,NO,49,1.4,NO,0.518367346939,0,25.4,Halsted St.,39.3.26,North Branch Chicago River,0,-980835328,2,Dry,-0.47,0,0,237.jpg,0,35,FAIR,Active,I-67,1170848.23,MS-64, ,YES,0, ,Interceptor,S,1403,1,YES, ,0, HALSTED St.,237,NO,Bridge,0,Metal,CLOUDY,8,0.518367346939,DWM,0,0,1906082.99
238.pdf,238.mpg,MWRD,59.8,1,YES,1.0635451505,0,63.6,Rockwell St., ,North Branch Chicago River,0,-1499235328,4.5,Invert wet,-2.98,0,0,238.jpg,1,59.8,FAIR,Active,DS-83,1158368.13,MS-83, ,NO,0, ,Direct,N,1404,1,YES, ,0, ROCKWELL St.,238,NO,Headwall,0,Concrete,CLOUDY,4.5,1.0635451505,DWM,0,0,1921551.82
 , ,NA,0,0, ,0,0,0,100TH, ,CALUMET RIV,0,, , ,0,0,0, ,0,0.997465176175, ,Active,NA,1200075.89157,NA, , ,0,NA,NA, ,1405,1, ,NA,0,NA,CL010, , ,0, , , ,0,MS4,0,0,1839302.97226
 , ,NA,0,0, ,0,0,0,130TH, ,CALUMET RIV,0,, , ,0,0,0, ,0,3.76809588392, ,Active,NA,1192277.86703,NA, , ,0,NA,NA, ,1406,1, ,NA,0,NA,CL060, , ,0, , , ,0,MS4,0,0,1819228.44286
 , ,NA,0,0, ,0,0,0,130TH, ,CALUMET RIV,0,, , ,0,0,0, ,0,3.05791464814, ,Active,NA,1191983.71958,NA, , ,0,NA,NA, ,1407,1, ,NA,0,NA,CL080, , ,0, , , ,0,MS4,0,0,1819193.67272
 , ,NA,0,0, ,0,0,0,106TH, ,CALUMET RIV,0,, , ,0,0,0, ,0,2.48666729883, ,Active,NA,1199046.70678,NA, , ,0,NA,NA, ,1408,1, ,NA,0,NA,CL020, , ,0, , , ,0,MS4,0,0,1835249.21179
 , ,NA,0,0, ,0,0,0,ALLEY, ,NB CHICAGO RIV,0,, , ,0,0,0, ,0,0.0508098068187, ,Active,NA,1158041.60133,NA, , ,0,NA,NA, ,1409,1, ,NA,0,NA,CN070, , ,0, , , ,0,MS4,0,0,1928961.54016
 , ,NA,0,0, ,0,0,0,ALLEY, ,NB CHICAGO RIV,0,, , ,0,0,0, ,0,0.0462403342589, ,Active,NA,1158027.39087,NA, , ,0,NA,NA, ,1410,1, ,NA,0,NA,CN080, , ,0, , , ,0,MS4,0,0,1928627.59439
 , ,NA,0,0, ,0,0,0,ALLEY, ,NB CHICAGO RIV,0,, , ,0,0,0, ,0,0.0520237860958, ,Active,NA,1158073.57486,NA, , ,0,NA,NA, ,1411,1, ,NA,0,NA,CN090, , ,0, , , ,0,MS4,0,0,1928295.42493
 , ,NA,0,0, ,0,0,0,ALLEY, ,NB CHICAGO RIV,0,, , ,0,0,0, ,0,0.0443443441524, ,Active,NA,1158119.75885,NA, , ,0,NA,NA, ,1412,1, ,NA,0,NA,CN100, , ,0, , , ,0,MS4,0,0,1927966.80808
 , ,NA,0,0, ,0,0,0,DAMEN, ,NB CHICAGO RIV,0,, , ,0,0,0, ,0,1.47973916448, ,Active,NA,1162541.7278,NA, , ,0,NA,NA, ,1413,1, ,NA,0,NA,CN110, , ,0, , , ,0,MS4,0,0,1917153.38948
 , ,NA,0,0, ,0,0,0,ORLEANS, ,CHICAGO RIV,0,, , ,0,0,0, ,0,0.629211702309, ,Active,NA,1174069.76788,NA, , ,0,NA,NA, ,1414,1, ,NA,0,NA,CR240, , ,0, , , ,0,MS4,0,0,1902472.76969
 , ,NA,0,0, ,0,0,0,WACKER, ,CHICAGO RIV,0,, , ,0,0,0, ,0,0.0885356998197, ,Active,NA,1176233.18918,NA, , ,0,NA,NA, ,1415,1, ,NA,0,NA,CR040, , ,0, , , ,0,MS4,0,0,1902228.92255
 , ,NA,0,0, ,0,0,0,WACKER, ,CHICAGO RIV,0,, , ,0,0,0, ,0,0.0981206731926, ,Active,NA,1176169.01292,NA, , ,0,NA,NA, ,1416,1, ,NA,0,NA,CR050, , ,0, , , ,0,MS4,0,0,1902228.92255
 , ,NA,0,0, ,0,0,0,WACKER, ,CHICAGO RIV,0,, , ,0,0,0, ,0,0.181031621046, ,Active,NA,1176052.88444,NA, , ,0,NA,NA, ,1417,1, ,NA,0,NA,CR060, , ,0, , , ,0,MS4,0,0,1902225.86654
 , ,NA,0,0, ,0,0,0,WACKER, ,CHICAGO RIV,0,, , ,0,0,0, ,0,0.151212391424, ,Active,NA,1175939.81198,NA, , ,0,NA,NA, ,1418,1, ,NA,0,NA,CR070, , ,0, , , ,0,MS4,0,0,1902225.86654
 , ,NA,0,0, ,0,0,0,WACKER, ,CHICAGO RIV,0,, , ,0,0,0, ,0,0.127407748063, ,Active,NA,1175762.56325,NA, , ,0,NA,NA, ,1419,1, ,NA,0,NA,CR080, , ,0, , , ,0,MS4,0,0,1902231.97857
 , ,NA,0,0, ,0,0,0,WACKER, ,CHICAGO RIV,0,, , ,0,0,0, ,0,0.12516774783, ,Active,NA,1175655.60281,NA, , ,0,NA,NA, ,1420,1, ,NA,0,NA,CR090, , ,0, , , ,0,MS4,0,0,1902231.97857
 , ,NA,0,0, ,0,0,0,WACKER, ,CHICAGO RIV,0,, , ,0,0,0, ,0,0.0997047617552, ,Active,NA,1175560.86642,NA, , ,0,NA,NA, ,1421,1, ,NA,0,NA,CR100, , ,0, , , ,0,MS4,0,0,1902228.92255
 , ,NA,0,0, ,0,0,0,WACKER, ,CHICAGO RIV,0,, , ,0,0,0, ,0,0.0882510589061, ,Active,NA,1175414.17782,NA, , ,0,NA,NA, ,1422,1, ,NA,0,NA,CR110, , ,0, , , ,0,MS4,0,0,1902228.92255
 , ,NA,0,0, ,0,0,0,WACKER, ,CHICAGO RIV,0,, , ,0,0,0, ,0,0.109865204802, ,Active,NA,1175343.88953,NA, , ,0,NA,NA, ,1423,1, ,NA,0,NA,CR120, , ,0, , , ,0,MS4,0,0,1902219.75452
 , ,NA,0,0, ,0,0,0,WACKER, ,CHICAGO RIV,0,, , ,0,0,0, ,0,0.107352939347, ,Active,NA,1175261.37719,NA, , ,0,NA,NA, ,1424,1, ,NA,0,NA,CR130, , ,0, , , ,0,MS4,0,0,1902225.86654
 , ,NA,0,0, ,0,0,0,WACKER, ,CHICAGO RIV,0,, , ,0,0,0, ,0,0.159460790072, ,Active,NA,1175169.69682,NA, , ,0,NA,NA, ,1425,1, ,NA,0,NA,CR140, , ,0, , , ,0,MS4,0,0,1902228.92255
 , ,NA,0,0, ,0,0,0,WACKER, ,CHICAGO RIV,0,, , ,0,0,0, ,0,0.118064100682, ,Active,NA,1174974.11202,NA, , ,0,NA,NA, ,1426,1, ,NA,0,NA,CR150, , ,0, , , ,0,MS4,0,0,1902225.86654
 , ,NA,0,0, ,0,0,0,WACKER, ,CHICAGO RIV,0,, , ,0,0,0, ,0,0.15317393859, ,Active,NA,1174873.2636,NA, , ,0,NA,NA, ,1427,1, ,NA,0,NA,CR160, , ,0, , , ,0,MS4,0,0,1902225.86654
 , ,NA,0,0, ,0,0,0,WACKER, ,CHICAGO RIV,0,, , ,0,0,0, ,0,0.084959124862, ,Active,NA,1174757.13513,NA, , ,0,NA,NA, ,1428,1, ,NA,0,NA,CR170, , ,0, , , ,0,MS4,0,0,1902225.86654
 , ,NA,0,0, ,0,0,0,WACKER, ,CHICAGO RIV,0,, , ,0,0,0, ,0,0.0563217738158, ,Active,NA,1174521.82216,NA, , ,0,NA,NA, ,1429,1, ,NA,0,NA,CR180, , ,0, , , ,0,MS4,0,0,1902228.92255
 , ,NA,0,0, ,0,0,0,WACKER, ,CHICAGO RIV,0,, , ,0,0,0, ,0,0.0704671896525, ,Active,NA,1174433.1978,NA, , ,0,NA,NA, ,1430,1, ,NA,0,NA,CR190, , ,0, , , ,0,MS4,0,0,1902228.92255
 , ,NA,0,0, ,0,0,0,WACKER, ,CHICAGO RIV,0,, , ,0,0,0, ,0,0.0470771319699, ,Active,NA,1174365.96552,NA, , ,0,NA,NA, ,1431,1, ,NA,0,NA,CR200, , ,0, , , ,0,MS4,0,0,1902228.92255
 , ,NA,0,0, ,0,0,0,WACKER, ,CHICAGO RIV,0,, , ,0,0,0, ,0,0.0767045383677, ,Active,NA,1174158.15667,NA, , ,0,NA,NA, ,1432,1, ,NA,0,NA,CR220, , ,0, , , ,0,MS4,0,0,1902131.13015
 , ,NA,0,0, ,0,0,0,WACKER, ,CHICAGO RIV,0,, , ,0,0,0, ,0,0.0638214431044, ,Active,NA,1174078.70035,NA, , ,0,NA,NA, ,1433,1, ,NA,0,NA,CR230, , ,0, , , ,0,MS4,0,0,1902054.72984
 , ,NA,0,0, ,0,0,0,WACKER, ,CHICAGO RIV,0,, , ,0,0,0, ,0,0.092038020626, ,Active,NA,1173965.62788,NA, , ,0,NA,NA, ,1434,1, ,NA,0,NA,CR260, , ,0, , , ,0,MS4,0,0,1901956.93744
 , ,NA,0,0, ,0,0,0,WACKER, ,CHICAGO RIV,0,, , ,0,0,0, ,0,0.0778059749465, ,Active,NA,1173880.05953,NA, , ,0,NA,NA, ,1435,1, ,NA,0,NA,CR270, , ,0, , , ,0,MS4,0,0,1901889.70516
 , ,NA,0,0, ,0,0,0,WACKER, ,CHICAGO RIV,0,, , ,0,0,0, ,0,0.0713706151607, ,Active,NA,1173849.49941,NA, , ,0,NA,NA, ,1436,1, ,NA,0,NA,CR280, , ,0, , , ,0,MS4,0,0,1901834.69694
 , ,NA,0,0, ,0,0,0,WACKER, ,SB CHICAGO RIV,0,, , ,0,0,0, ,0,0.459837395912, ,Active,NA,1173763.93106,NA, , ,0,NA,NA, ,1437,1, ,NA,0,NA,CS010, , ,0, , , ,0,MS4,0,0,1901675.78429
 , ,NA,0,0, ,0,0,0,RANDOLPH, ,SB CHICAGO RIV,0,, , ,0,0,0, ,0,0.106443325992, ,Active,NA,1173721.14688,NA, , ,0,NA,NA, ,1438,1, ,NA,0,NA,CS020, , ,0, , , ,0,MS4,0,0,1901302.95076
 , ,NA,0,0, ,0,0,0,QUINCY, ,SB CHICAGO RIV,0,, , ,0,0,0, ,0,0.205090257415, ,Active,NA,1173721.25814,NA, , ,0,NA,NA, ,1439,1, ,NA,0,NA,CS040, , ,0, , , ,0,MS4,0,0,1899137.42972
 , ,NA,0,0, ,0,0,0,WOLCOTT, ,SB CHICAGO RIV,0,, , ,0,0,0, ,0,4.63300486316, ,Active,NA,1164377.49697,NA, , ,0,NA,NA, ,1440,1, ,NA,0,NA,CS060, , ,0, , , ,0,MS4,0,0,1886252.59999
 , ,NA,0,0, ,0,0,0,MARKET PLACE ACCESS, ,SB CHICAGO RIV,0,, , ,0,0,0, ,0,0.892278433123, ,Active,NA,1164796.94233,NA, , ,0,NA,NA, ,1441,1, ,NA,0,NA,CS050, , ,0, , , ,0,MS4,0,0,1886241.20202
 , ,NA,0,0, ,0,0,0,DAMEN, ,SB CHICAGO RIV,0,, , ,0,0,0, ,0,2.07848220272, ,Active,NA,1163433.74491,NA, , ,0,NA,NA, ,1442,1, ,NA,0,NA,CS070, , ,0, , , ,0,MS4,0,0,1885146.99673
 , ,NA,0,0, ,0,0,0,31ST, ,SB CHICAGO RIV,0,, , ,0,0,0, ,0,1.63926854279, ,Active,NA,1157534.51125,NA, , ,0,NA,NA, ,1443,1, ,NA,0,NA,CS100, , ,0, , , ,0,MS4,0,0,1882858.39685
 , ,NA,0,0, ,0,0,0,TORRENCE, ,CALUMET RIV,0,, , ,0,0,0, ,0,9.75233264785, ,Active,NA,1195769.88387,NA, , ,0,NA,NA, ,1444,1, ,NA,0,NA,CL040, , ,0, , , ,0,MS4,0,0,1823116.87995
 , ,NA,0,0, ,0,0,0,130TH, ,CALUMET RIV,0,, , ,0,0,0, ,0,0.999972088995, ,Active,NA,1191902.592,NA, , ,0,NA,NA, ,1445,1, ,NA,0,NA,CL070, , ,0, , , ,0,MS4,0,0,1819311.44983
 , ,NA,0,0, ,0,0,0,RANDOLPH, ,SB CHICAGO RIV,0,, , ,0,0,0, ,0,0.10250785597, ,Active,NA,1173685.7088,NA, , ,0,NA,NA, ,1446,1, ,NA,0,NA,CS030, , ,0, , , ,0,MS4,0,0,1901216.81654
 , ,NA,0,0, ,0,0,0,STEVENSON, ,SB CHICAGO RIV,0,, , ,0,0,0, ,0,9.93456345382, ,Active,NA,1153578.23209,NA, , ,0,NA,NA, ,1447,1, ,NA,0,NA,CS110, , ,0, , , ,0,MS4,0,0,1880860.78211
 , ,NA,0,0, ,0,0,0,CICERO, ,SB CHICAGO RIV,0,, , ,0,0,0, ,0,0.638191868464, ,Active,NA,1145131.13505,NA, , ,0,NA,NA, ,1448,1, ,NA,0,NA,CS120, , ,0, , , ,0,MS4,0,0,1877547.54262
 , ,NA,0,0, ,0,0,0,MENDELL, ,NB CHICAGO RIV,0,, , ,0,0,0, ,0,0, ,Active,NA,1166199.60338,NA, , ,0,NA,NA, ,1449,1, ,NA,0,NA,CN120, , ,0, , , ,0,MS4,0,0,1913154.74416
 , ,NA,0,0, ,0,0,0,WACKER, ,CHICAGO RIV,0,, , ,0,0,0, ,0,0, ,Active,NA,1174170.38072,NA, , ,0,NA,NA, ,1450,1, ,NA,0,NA,CR210, , ,0, , , ,0,MS4,0,0,1902143.3542
 , ,NA,0,0, ,0,0,0,WACKER, ,CHICAGO RIV,0,, , ,0,0,0, ,0,0, ,Active,NA,1173983.96396,NA, , ,0,NA,NA, ,1451,1, ,NA,0,NA,CR250, , ,0, , , ,0,MS4,0,0,1901975.27351
 , ,NA,0,0, ,0,0,0,RIVER, ,CHICAGO RIV,0,, , ,0,0,0, ,0,0, ,Active,NA,1179374.77006,NA, , ,0,NA,NA, ,1452,1, ,NA,0,NA,CR030, , ,0, , , ,0,MS4,0,0,1902840.12506
 , ,NA,0,0, ,0,0,0,LAKE SHORE DR, ,CHICAGO RIV,0,, , ,0,0,0, ,0,0, ,Active,NA,1179918.74029,NA, , ,0,NA,NA, ,1453,1, ,NA,0,NA,CR020, , ,0, , , ,0,MS4,0,0,1902577.30798
 , ,NA,0,0, ,0,0,0,LAKE SHORE DR, ,CHICAGO RIV,0,, , ,0,0,0, ,0,14.453018838, ,Active,NA,1180285.46179,NA, , ,0,NA,NA, ,1454,1, ,NA,0,NA,CR010, , ,0, , , ,0,MS4,0,0,1902586.47602
 , ,NA,0,0, ,0,0,0,31ST, ,SB CHICAGO RIV,0,, , ,0,0,0, ,0,0.73629184275, ,Active,NA,1160524.07978,NA, , ,0,NA,NA, ,1455,1, ,NA,0,NA,CS090, , ,0, , , ,0,MS4,0,0,1884086.68708
 , ,NA,0,0, ,0,0,0,31ST, ,SB CHICAGO RIV,0,, , ,0,0,0, ,0,0, ,Active,NA,1160643.2994,NA, , ,0,NA,NA, ,1456,1, ,NA,0,NA,CS080, , ,0, , , ,0,MS4,0,0,1884136.55245
 , ,NA,0,0, ,0,0,0,130TH, ,CALUMET RIV,0,, , ,0,0,0, ,0,0, ,Active,NA,1192234.98946,NA, , ,0,NA,NA, ,1457,1, ,NA,0,NA,CL050, , ,0, , , ,0,MS4,0,0,1819354.07651
 , ,NA,0,0, ,0,0,0,RAILROAD, ,CALUMET RIV,0,, , ,0,0,0, ,0,0, ,Active,NA,1197490.54108,NA, , ,0,NA,NA, ,1458,1, ,NA,0,NA,CL030, , ,0, , , ,0,MS4,0,0,1827127.73301
 , , ,0,0, ,0,0,0, , , ,0,, , ,0,0,0, ,0,0, , , ,1192224.51421, ,130th drain - possible CSO Calumet River, ,0, , , ,1459,1, , ,0, , , , ,0, , , ,0,SSO,0,0,1819344.73823
 , , ,0,0, ,0,0,0, , , ,0,, , ,0,0,0, ,0,0, , , ,1195773.31637, ,Torrence drain - possible CSO Calumet River, ,0, , , ,1460,1, , ,0, , , , ,0, , , ,0,SSO,0,0,1823160.6125
 , , ,0,0, ,0,0,0, , , ,0,, , ,0,0,0, ,0,0, , , ,1197777.1172, ,122th drain -CSO Calumet River, ,0, , , ,1461,1, , ,0, , , , ,0, , , ,0,CSO,0,0,1824687.80902
 , , ,0,0, ,0,0,0, , , ,0,, , ,0,0,0, ,0,0, , , ,1200390.61125, ,92nd drain - CSO Calumet River, ,0, , , ,1462,1, , ,0, , , , ,0, , , ,0,CSO,0,0,1844516.23939
 , , ,0,0, ,0,0,0, , , ,0,, , ,0,0,0, ,0,0, , , ,1199106.66431, ,drain - CSO Calumet River, ,0, , , ,1463,1, , ,0, , , , ,0, , , ,0,CSO,0,0,1843024.24984
 , , ,0,0, ,0,0,0, , , ,0,, , ,0,0,0, ,0,0, , , ,1199854.08656, ,95th west drain - CSO Calumet River, ,0, , , ,1464,1, , ,0, , , , ,0, , , ,0,CSO,0,0,1842589.62793
 , , ,0,0, ,0,0,0, , , ,0,, , ,0,0,0, ,0,0, , , ,1200075.89157, ,100th west drain - CSO Calumet River, ,0, , , ,1465,1, , ,0, , , , ,0, , , ,0,SSO,0,0,1839302.97226
 , , ,0,0, ,0,0,0, , , ,0,, , ,0,0,0, ,0,0, , , ,1197512.62701, ,Industrial site - CSO Calumet River, ,0, , , ,1466,1, , ,0, , , , ,0, , , ,0,SSO,0,0,1827126.6862
 , , ,0,0, ,0,0,0, , , ,0,, , ,0,0,0, ,0,0, , , ,1192277.86703, ,130th drain - possible CSO Calumet River, ,0, , , ,1467,1, , ,0, , , , ,0, , , ,0,SSO,0,0,1819228.44286
 , , ,0,0, ,0,0,0, , , ,0,, , ,0,0,0, ,0,0, , , ,1191983.71958, ,130th drain - possible CSO Calumet River, ,0, , , ,1468,1, , ,0, , , , ,0, , , ,0,SSO,0,0,1819193.67272
 , , ,0,0, ,0,0,0, , , ,0,, , ,0,0,0, ,0,0, , , ,1199868.76068, ,95th west drain drain - CSO Calumet River, ,0, , , ,1469,1, , ,0, , , , ,0, , , ,0,SSO,0,0,1842530.12653
 , , ,0,0, ,0,0,0, , , ,0,, , ,0,0,0, ,0,0, , , ,1199870.04873, ,95th west drain - CSO Calumet River, ,0, , , ,1470,1, , ,0, , , , ,0, , , ,0,SSO,0,0,1842508.22963
 , , ,0,0, ,0,0,0, , , ,0,, , ,0,0,0, ,0,0, , , ,1200108.98258, ,95th east drain - CSO Calumet River, ,0, , , ,1471,1, , ,0, , , , ,0, , , ,0,CSO,0,0,1842522.39821
 , , ,0,0, ,0,0,0, , , ,0,, , ,0,0,0, ,0,0, , , ,1200308.63081, ,100th east drain - CSO Calumet River, ,0, , , ,1472,1, , ,0, , , , ,0, , , ,0,CSO,0,0,1839320.29822
 , , ,0,0, ,0,0,0, , , ,0,, , ,0,0,0, ,0,0, , , ,1199704.2413, ,103rd drain - CSO Calumet River, ,0, , , ,1473,1, , ,0, , , , ,0, , , ,0,CSO,0,0,1837276.60991
 , , ,0,0, ,0,0,0, , , ,0,, , ,0,0,0, ,0,0, , , ,1199046.70678, ,106th drain - CSO Calumet River, ,0, , , ,1474,1, , ,0, , , , ,0, , , ,0,SSO,0,0,1835249.21179
 , , ,0,0, ,0,0,0, , , ,0,, , ,0,0,0, ,0,0, , , ,1201031.22082, ,91st drain - CSO Calumet River, ,0, , , ,1475,1, , ,0, , , , ,0, , , ,0,CSO,0,0,1844977.97502
